instance,parameter_set,generation,mean_best_so_far,std_best_so_far
la01,reference,0,729.6,15.007124744715368
la01,reference,1,722,15.183929798900252
la01,reference,2,714.1,15.844829462308995
la01,reference,3,707.2666666666667,13.960370841169961
la01,reference,4,703.8,13.509638959927322
la01,reference,5,700.6,12.554982525152974
la01,reference,6,693.3666666666667,11.177203812111117
la01,reference,7,689.3,10.31954957584273
la01,reference,8,686.7666666666667,10.656658379440149
la01,reference,9,685.2,10.46307134970251
la01,reference,10,683.1,10.567843221056394
la01,reference,11,680.6333333333333,10.029210211739725
la01,reference,12,678.5666666666667,8.020161376540196
la01,reference,13,676.5333333333333,7.4451249188627635
la01,reference,14,676.3666666666667,7.434696540120394
la01,reference,15,676.0333333333333,7.743666303250157
la01,reference,16,675.4,7.209189537881734
la01,reference,17,675.0333333333333,6.672038065990256
la01,reference,18,673.2333333333333,6.739913707282104
la01,reference,19,672.4333333333333,6.145833089811022
la01,reference,20,671.9333333333333,6.208633218090887
la01,reference,21,671.2,5.9154968893809645
la01,reference,22,671.2,5.9154968893809645
la01,reference,23,670.6666666666666,5.862407022030629
la01,reference,24,670.0333333333333,5.898470481657809
la01,reference,25,669.7333333333333,5.865935168606865
la01,reference,26,669.7333333333333,5.865935168606865
la01,reference,27,669.7333333333333,5.865935168606865
la01,reference,28,669.7333333333333,5.865935168606865
la01,reference,29,669.6666666666666,5.809227697102396
la01,reference,30,669.3666666666667,5.798235958451937
la01,reference,31,669,5.577046554930492
la01,reference,32,668.7666666666667,5.62435181450568
la01,reference,33,668.4333333333333,4.861412689057918
la01,reference,34,668.4333333333333,4.861412689057918
la01,reference,35,667.5333333333333,3.2027287216321985
la01,reference,36,667.1333333333333,2.738402924098761
la01,reference,37,666.8,1.8270005567822794
la01,reference,38,666.8,1.8270005567822794
la01,reference,39,666.8,1.8270005567822794
la01,reference,40,666.8,1.8270005567822794
la01,reference,41,666.8,1.8270005567822794
la01,reference,42,666.8,1.8270005567822794
la01,reference,43,666.8,1.8270005567822794
la01,reference,44,666.8,1.8270005567822794
la01,reference,45,666.7666666666667,1.813423763803275
la01,reference,46,666.7666666666667,1.813423763803275
la01,reference,47,666.7666666666667,1.813423763803275
la01,reference,48,666.7666666666667,1.813423763803275
la01,reference,49,666.7666666666667,1.813423763803275
la01,reference,50,666.7666666666667,1.813423763803275
la01,reference,51,666.6333333333333,1.711690701461939
la01,reference,52,666.6333333333333,1.711690701461939
la01,reference,53,666.6333333333333,1.711690701461939
la01,reference,54,666.6333333333333,1.711690701461939
la01,reference,55,666.6333333333333,1.711690701461939
la01,reference,56,666.6333333333333,1.711690701461939
la01,reference,57,666.6333333333333,1.711690701461939
la01,reference,58,666.6333333333333,1.711690701461939
la01,reference,59,666.6333333333333,1.711690701461939
la01,reference,60,666.6333333333333,1.711690701461939
la01,reference,61,666.6333333333333,1.711690701461939
la01,reference,62,666.6333333333333,1.711690701461939
la01,reference,63,666.6333333333333,1.711690701461939
la01,reference,64,666.6333333333333,1.711690701461939
la01,reference,65,666.6333333333333,1.711690701461939
la01,reference,66,666.6333333333333,1.711690701461939
la01,reference,67,666.6,1.6938020891595864
la01,reference,68,666.5666666666667,1.69549775690744
la01,reference,69,666.5666666666667,1.69549775690744
la01,reference,70,666.5666666666667,1.69549775690744
la01,reference,71,666.5666666666667,1.69549775690744
la01,reference,72,666.5666666666667,1.69549775690744
la01,reference,73,666.5666666666667,1.69549775690744
la01,reference,74,666.5666666666667,1.69549775690744
la01,reference,75,666.5666666666667,1.69549775690744
la01,reference,76,666.5666666666667,1.69549775690744
la01,reference,77,666.5666666666667,1.69549775690744
la01,reference,78,666.5666666666667,1.69549775690744
la01,reference,79,666.5666666666667,1.69549775690744
la01,reference,80,666.5333333333333,1.676065452868369
la01,reference,81,666.5333333333333,1.676065452868369
la01,reference,82,666.5333333333333,1.676065452868369
la01,reference,83,666.5333333333333,1.676065452868369
la01,reference,84,666.5333333333333,1.676065452868369
la01,reference,85,666.5333333333333,1.676065452868369
la01,reference,86,666.5,1.6557111192308964
la01,reference,87,666.5,1.6557111192308964
la01,reference,88,666.5,1.6557111192308964
la01,reference,89,666.5,1.6557111192308964
la01,reference,90,666.5,1.6557111192308964
la01,reference,91,666.5,1.6557111192308964
la01,reference,92,666.5,1.6557111192308964
la01,reference,93,666.5,1.6557111192308964
la01,reference,94,666.5,1.6557111192308964
la01,reference,95,666.4666666666667,1.6553639735893346
la01,reference,96,666.4666666666667,1.6553639735893346
la01,reference,97,666.4666666666667,1.6553639735893346
la01,reference,98,666.4666666666667,1.6553639735893346
la01,reference,99,666.4666666666667,1.6553639735893346
la01,reference,100,666.4666666666667,1.6553639735893346
la01,reference,101,666.4666666666667,1.6553639735893346
la01,reference,102,666.4666666666667,1.6553639735893346
la01,reference,103,666.4666666666667,1.6553639735893346
la01,reference,104,666.4666666666667,1.6553639735893346
la01,reference,105,666.4666666666667,1.6553639735893346
la01,reference,106,666.4666666666667,1.6553639735893346
la01,reference,107,666.4666666666667,1.6553639735893346
la01,reference,108,666.4666666666667,1.6553639735893346
la01,reference,109,666.4666666666667,1.6553639735893346
la01,reference,110,666.4333333333333,1.6543220995910688
la01,reference,111,666.4,1.6525841832592434
la01,reference,112,666.4,1.6525841832592434
la01,reference,113,666.4,1.6525841832592434
la01,reference,114,666.4,1.6525841832592434
la01,reference,115,666.4,1.6525841832592434
la01,reference,116,666.4,1.6525841832592434
la01,reference,117,666.4,1.6525841832592434
la01,reference,118,666.4,1.6525841832592434
la01,reference,119,666.4,1.6525841832592434
la01,reference,120,666.4,1.6525841832592434
la01,reference,121,666.4,1.6525841832592434
la01,reference,122,666.4,1.6525841832592434
la01,reference,123,666.4,1.6525841832592434
la01,reference,124,666.4,1.6525841832592434
la01,reference,125,666.4,1.6525841832592434
la01,reference,126,666.4,1.6525841832592434
la01,reference,127,666.4,1.6525841832592434
la01,reference,128,666.4,1.6525841832592434
la01,reference,129,666.4,1.6525841832592434
la01,reference,130,666.4,1.6525841832592434
la01,reference,131,666.4,1.6525841832592434
la01,reference,132,666.4,1.6525841832592434
la01,reference,133,666.4,1.6525841832592434
la01,reference,134,666.4,1.6525841832592434
la01,reference,135,666.4,1.6525841832592434
la01,reference,136,666.4,1.6525841832592434
la01,reference,137,666.4,1.6525841832592434
la01,reference,138,666.4,1.6525841832592434
la01,reference,139,666.4,1.6525841832592434
la01,reference,140,666.4,1.6525841832592434
la01,reference,141,666.4,1.6525841832592434
la01,reference,142,666.4,1.6525841832592434
la01,reference,143,666.4,1.6525841832592434
la01,reference,144,666.4,1.6525841832592434
la01,reference,145,666.4,1.6525841832592434
la01,reference,146,666.4,1.6525841832592434
la01,reference,147,666.4,1.6525841832592434
la01,reference,148,666.4,1.6525841832592434
la01,reference,149,666.4,1.6525841832592434
la01,reference,150,666.4,1.6525841832592434
la01,smaller_population,0,742.8666666666667,19.74795202534689
la01,smaller_population,1,729.4333333333333,19.32246027979791
la01,smaller_population,2,721.2,18.43235536055908
la01,smaller_population,3,714.5666666666667,18.318416083714553
la01,smaller_population,4,710.1,17.299292391348825
la01,smaller_population,5,704.0333333333333,15.606106968512156
la01,smaller_population,6,700.8,13.959053421123981
la01,smaller_population,7,696.6333333333333,14.437698100347632
la01,smaller_population,8,695.1666666666666,13.198963735011962
la01,smaller_population,9,693.7666666666667,13.710512788351142
la01,smaller_population,10,692.3666666666667,13.722579764836452
la01,smaller_population,11,691.5,13.286627967946597
la01,smaller_population,12,691.5,13.286627967946597
la01,smaller_population,13,690.7,12.523495160476678
la01,smaller_population,14,690.3,12.725619014819861
la01,smaller_population,15,690,12.594470598448051
la01,smaller_population,16,689.3,12.684908220074915
la01,smaller_population,17,687.5333333333333,13.164040186165815
la01,smaller_population,18,685.5,11.62265920074024
la01,smaller_population,19,685.2,11.72795069848978
la01,smaller_population,20,684.4,11.854287744568818
la01,smaller_population,21,684.1666666666666,11.665106628045805
la01,smaller_population,22,683.4333333333333,11.993341064318043
la01,smaller_population,23,682.3666666666667,11.816071268822183
la01,smaller_population,24,680.7333333333333,12.643475442471022
la01,smaller_population,25,680.7333333333333,12.643475442471022
la01,smaller_population,26,680.3666666666667,12.344154929339643
la01,smaller_population,27,680.1666666666666,12.264564412562114
la01,smaller_population,28,680.1666666666666,12.264564412562114
la01,smaller_population,29,679.6333333333333,12.702113137620824
la01,smaller_population,30,679.6333333333333,12.702113137620824
la01,smaller_population,31,679.4666666666667,12.851226516893465
la01,smaller_population,32,679.4333333333333,12.800008979881907
la01,smaller_population,33,679.4333333333333,12.800008979881907
la01,smaller_population,34,679.2,12.535191840684314
la01,smaller_population,35,679.2,12.535191840684314
la01,smaller_population,36,679.2,12.535191840684314
la01,smaller_population,37,679.2,12.535191840684314
la01,smaller_population,38,679.1666666666666,12.55905589833373
la01,smaller_population,39,679.1666666666666,12.55905589833373
la01,smaller_population,40,678.8,12.268265762836498
la01,smaller_population,41,678.6666666666666,12.24275530553741
la01,smaller_population,42,678.5666666666667,12.252187231430272
la01,smaller_population,43,678.4333333333333,12.36982795669208
la01,smaller_population,44,678.4333333333333,12.36982795669208
la01,smaller_population,45,678.2666666666667,12.185161505681418
la01,smaller_population,46,678.2666666666667,12.185161505681418
la01,smaller_population,47,678.2,12.203447788679824
la01,smaller_population,48,678.2,12.203447788679824
la01,smaller_population,49,678.2,12.203447788679824
la01,smaller_population,50,678.2,12.203447788679824
la01,smaller_population,51,678.2,12.203447788679824
la01,smaller_population,52,678,12.085899450071615
la01,smaller_population,53,677.6,12.18138772458014
la01,smaller_population,54,677.6,12.18138772458014
la01,smaller_population,55,677.6,12.18138772458014
la01,smaller_population,56,677.6,12.18138772458014
la01,smaller_population,57,677.6,12.18138772458014
la01,smaller_population,58,677.6,12.18138772458014
la01,smaller_population,59,677.6,12.18138772458014
la01,smaller_population,60,677.6,12.18138772458014
la01,smaller_population,61,677.6,12.18138772458014
la01,smaller_population,62,677.6,12.18138772458014
la01,smaller_population,63,677.6,12.18138772458014
la01,smaller_population,64,677.6,12.18138772458014
la01,smaller_population,65,677.6,12.18138772458014
la01,smaller_population,66,677.6,12.18138772458014
la01,smaller_population,67,677.6,12.18138772458014
la01,smaller_population,68,677.6,12.18138772458014
la01,smaller_population,69,677.6,12.18138772458014
la01,smaller_population,70,677.6,12.18138772458014
la01,smaller_population,71,677.6,12.18138772458014
la01,smaller_population,72,677.6,12.18138772458014
la01,smaller_population,73,677.6,12.18138772458014
la01,smaller_population,74,677.6,12.18138772458014
la01,smaller_population,75,677.6,12.18138772458014
la01,smaller_population,76,677.6,12.18138772458014
la01,smaller_population,77,677.6,12.18138772458014
la01,smaller_population,78,677.6,12.18138772458014
la01,smaller_population,79,677.2666666666667,11.761812355460254
la01,smaller_population,80,677.1666666666666,11.768113941797404
la01,smaller_population,81,676.9666666666667,11.556408382912213
la01,smaller_population,82,676.9666666666667,11.556408382912213
la01,smaller_population,83,676.9666666666667,11.556408382912213
la01,smaller_population,84,676.7,11.432410069622241
la01,smaller_population,85,676.7,11.432410069622241
la01,smaller_population,86,676.7,11.432410069622241
la01,smaller_population,87,676.7,11.432410069622241
la01,smaller_population,88,676.7,11.432410069622241
la01,smaller_population,89,676.7,11.432410069622241
la01,smaller_population,90,676.7,11.432410069622241
la01,smaller_population,91,676.7,11.432410069622241
la01,smaller_population,92,676.7,11.432410069622241
la01,smaller_population,93,676.7,11.432410069622241
la01,smaller_population,94,676.7,11.432410069622241
la01,smaller_population,95,676.7,11.432410069622241
la01,smaller_population,96,676.7,11.432410069622241
la01,smaller_population,97,676.7,11.432410069622241
la01,smaller_population,98,676.7,11.432410069622241
la01,smaller_population,99,676.7,11.432410069622241
la01,smaller_population,100,676.7,11.432410069622241
la01,smaller_population,101,676.6666666666666,11.460075625114056
la01,smaller_population,102,676.6666666666666,11.460075625114056
la01,smaller_population,103,676.6666666666666,11.460075625114056
la01,smaller_population,104,676.6666666666666,11.460075625114056
la01,smaller_population,105,676.6666666666666,11.460075625114056
la01,smaller_population,106,676.5,11.32513225925663
la01,smaller_population,107,676.5,11.32513225925663
la01,smaller_population,108,676.5,11.32513225925663
la01,smaller_population,109,676.4333333333333,11.29138619917194
la01,smaller_population,110,676.4333333333333,11.29138619917194
la01,smaller_population,111,676.4333333333333,11.29138619917194
la01,smaller_population,112,676.4333333333333,11.29138619917194
la01,smaller_population,113,676.4333333333333,11.29138619917194
la01,smaller_population,114,676.4333333333333,11.29138619917194
la01,smaller_population,115,676.3,11.17926035428845
la01,smaller_population,116,676.0333333333333,11.23259829103739
la01,smaller_population,117,676.0333333333333,11.23259829103739
la01,smaller_population,118,676,11.218826541377545
la01,smaller_population,119,676,11.218826541377545
la01,smaller_population,120,676,11.218826541377545
la01,smaller_population,121,676,11.218826541377545
la01,smaller_population,122,676,11.218826541377545
la01,smaller_population,123,675.9666666666667,11.208012322882459
la01,smaller_population,124,675.9666666666667,11.208012322882459
la01,smaller_population,125,675.9666666666667,11.208012322882459
la01,smaller_population,126,675.9666666666667,11.208012322882459
la01,smaller_population,127,675.9666666666667,11.208012322882459
la01,smaller_population,128,675.9666666666667,11.208012322882459
la01,smaller_population,129,675.9666666666667,11.208012322882459
la01,smaller_population,130,675.9666666666667,11.208012322882459
la01,smaller_population,131,675.9666666666667,11.208012322882459
la01,smaller_population,132,675.9666666666667,11.208012322882459
la01,smaller_population,133,675.9666666666667,11.208012322882459
la01,smaller_population,134,675.9666666666667,11.208012322882459
la01,smaller_population,135,675.9666666666667,11.208012322882459
la01,smaller_population,136,675.9666666666667,11.208012322882459
la01,smaller_population,137,675.9666666666667,11.208012322882459
la01,smaller_population,138,675.9666666666667,11.208012322882459
la01,smaller_population,139,675.9666666666667,11.208012322882459
la01,smaller_population,140,675.5333333333333,11.337254223723367
la01,smaller_population,141,675.5333333333333,11.337254223723367
la01,smaller_population,142,675.5333333333333,11.337254223723367
la01,smaller_population,143,675.5333333333333,11.337254223723367
la01,smaller_population,144,675.5333333333333,11.337254223723367
la01,smaller_population,145,675.5,11.364645723197583
la01,smaller_population,146,675.5,11.364645723197583
la01,smaller_population,147,675.5,11.364645723197583
la01,smaller_population,148,675.5,11.364645723197583
la01,smaller_population,149,675.5,11.364645723197583
la01,smaller_population,150,675.5,11.364645723197583
la01,lower_mutation,0,729.6,15.007124744715368
la01,lower_mutation,1,722.8666666666667,15.484660559524002
la01,lower_mutation,2,715.7666666666667,15.692483009023963
la01,lower_mutation,3,705.9333333333333,13.551773858526554
la01,lower_mutation,4,700.7333333333333,13.521205142506608
la01,lower_mutation,5,694.6333333333333,10.905497927993535
la01,lower_mutation,6,693,11.120034730781784
la01,lower_mutation,7,689.7,11.033335069625172
la01,lower_mutation,8,686.9,10.155175341021767
la01,lower_mutation,9,685.6,10.043354296112499
la01,lower_mutation,10,682.8333333333334,8.867154942912027
la01,lower_mutation,11,681.7,8.761790086348872
la01,lower_mutation,12,680.3,9.059763260970321
la01,lower_mutation,13,679.8666666666667,8.981718341599011
la01,lower_mutation,14,679,8.283760598615366
la01,lower_mutation,15,676.7,7.693033122292511
la01,lower_mutation,16,676.1333333333333,7.560027975378514
la01,lower_mutation,17,674.7666666666667,7.238228652300817
la01,lower_mutation,18,674.3333333333334,6.514351971546779
la01,lower_mutation,19,673.3666666666667,6.445973527144187
la01,lower_mutation,20,671.5666666666667,5.992428172477235
la01,lower_mutation,21,670.7,5.80219934519483
la01,lower_mutation,22,670.5333333333333,5.745963100649272
la01,lower_mutation,23,669.9333333333333,4.848983777881807
la01,lower_mutation,24,669.5333333333333,4.761435116413548
la01,lower_mutation,25,669,4.323153382938639
la01,lower_mutation,26,668.4666666666667,4.032055463949847
la01,lower_mutation,27,668.4666666666667,4.032055463949847
la01,lower_mutation,28,668.1,3.6136713588337237
la01,lower_mutation,29,667.8,3.387604178319173
la01,lower_mutation,30,667.7666666666667,3.40064226523343
la01,lower_mutation,31,667.5666666666667,3.2555875928490456
la01,lower_mutation,32,667.5333333333333,3.256117143251255
la01,lower_mutation,33,667.1333333333333,2.596195270979722
la01,lower_mutation,34,667,2.435371528690976
la01,lower_mutation,35,666.9666666666667,2.4422055229017796
la01,lower_mutation,36,666.9666666666667,2.4422055229017796
la01,lower_mutation,37,666.9333333333333,2.448551061107482
la01,lower_mutation,38,666.8666666666667,2.4457328544635244
la01,lower_mutation,39,666.8666666666667,2.4457328544635244
la01,lower_mutation,40,666.8666666666667,2.4457328544635244
la01,lower_mutation,41,666.6666666666666,2.248882225544018
la01,lower_mutation,42,666.6666666666666,2.248882225544018
la01,lower_mutation,43,666.6666666666666,2.248882225544018
la01,lower_mutation,44,666.6666666666666,2.248882225544018
la01,lower_mutation,45,666.6666666666666,2.248882225544018
la01,lower_mutation,46,666.6666666666666,2.248882225544018
la01,lower_mutation,47,666.6333333333333,2.2358109434191085
la01,lower_mutation,48,666.6333333333333,2.2358109434191085
la01,lower_mutation,49,666.6,2.237609561948674
la01,lower_mutation,50,666.6,2.237609561948674
la01,lower_mutation,51,666.6,2.237609561948674
la01,lower_mutation,52,666.6,2.237609561948674
la01,lower_mutation,53,666.6,2.237609561948674
la01,lower_mutation,54,666.6,2.237609561948674
la01,lower_mutation,55,666.6,2.237609561948674
la01,lower_mutation,56,666.6,2.237609561948674
la01,lower_mutation,57,666.6,2.237609561948674
la01,lower_mutation,58,666.6,2.237609561948674
la01,lower_mutation,59,666.6,2.237609561948674
la01,lower_mutation,60,666.6,2.237609561948674
la01,lower_mutation,61,666.6,2.237609561948674
la01,lower_mutation,62,666.6,2.237609561948674
la01,lower_mutation,63,666.6,2.237609561948674
la01,lower_mutation,64,666.6,2.237609561948674
la01,lower_mutation,65,666.6,2.237609561948674
la01,lower_mutation,66,666.6,2.237609561948674
la01,lower_mutation,67,666.6,2.237609561948674
la01,lower_mutation,68,666.6,2.237609561948674
la01,lower_mutation,69,666.6,2.237609561948674
la01,lower_mutation,70,666.6,2.237609561948674
la01,lower_mutation,71,666.6,2.237609561948674
la01,lower_mutation,72,666.6,2.237609561948674
la01,lower_mutation,73,666.6,2.237609561948674
la01,lower_mutation,74,666.6,2.237609561948674
la01,lower_mutation,75,666.6,2.237609561948674
la01,lower_mutation,76,666.6,2.237609561948674
la01,lower_mutation,77,666.6,2.237609561948674
la01,lower_mutation,78,666.6,2.237609561948674
la01,lower_mutation,79,666.6,2.237609561948674
la01,lower_mutation,80,666.6,2.237609561948674
la01,lower_mutation,81,666.6,2.237609561948674
la01,lower_mutation,82,666.6,2.237609561948674
la01,lower_mutation,83,666.6,2.237609561948674
la01,lower_mutation,84,666.6,2.237609561948674
la01,lower_mutation,85,666.6,2.237609561948674
la01,lower_mutation,86,666.6,2.237609561948674
la01,lower_mutation,87,666.6,2.237609561948674
la01,lower_mutation,88,666.5666666666667,2.238893404823222
la01,lower_mutation,89,666.5666666666667,2.238893404823222
la01,lower_mutation,90,666.5666666666667,2.238893404823222
la01,lower_mutation,91,666.4666666666667,2.1929877797878516
la01,lower_mutation,92,666.4666666666667,2.1929877797878516
la01,lower_mutation,93,666.4666666666667,2.1929877797878516
la01,lower_mutation,94,666.4666666666667,2.1929877797878516
la01,lower_mutation,95,666.4666666666667,2.1929877797878516
la01,lower_mutation,96,666.4666666666667,2.1929877797878516
la01,lower_mutation,97,666.4666666666667,2.1929877797878516
la01,lower_mutation,98,666.4666666666667,2.1929877797878516
la01,lower_mutation,99,666.4666666666667,2.1929877797878516
la01,lower_mutation,100,666.4666666666667,2.1929877797878516
la01,lower_mutation,101,666.4666666666667,2.1929877797878516
la01,lower_mutation,102,666.4666666666667,2.1929877797878516
la01,lower_mutation,103,666.4666666666667,2.1929877797878516
la01,lower_mutation,104,666.4666666666667,2.1929877797878516
la01,lower_mutation,105,666.4666666666667,2.1929877797878516
la01,lower_mutation,106,666.4666666666667,2.1929877797878516
la01,lower_mutation,107,666.4666666666667,2.1929877797878516
la01,lower_mutation,108,666.4666666666667,2.1929877797878516
la01,lower_mutation,109,666.4666666666667,2.1929877797878516
la01,lower_mutation,110,666.4666666666667,2.1929877797878516
la01,lower_mutation,111,666.4666666666667,2.1929877797878516
la01,lower_mutation,112,666.4666666666667,2.1929877797878516
la01,lower_mutation,113,666.4666666666667,2.1929877797878516
la01,lower_mutation,114,666.4666666666667,2.1929877797878516
la01,lower_mutation,115,666.4666666666667,2.1929877797878516
la01,lower_mutation,116,666.4666666666667,2.1929877797878516
la01,lower_mutation,117,666.4666666666667,2.1929877797878516
la01,lower_mutation,118,666.4666666666667,2.1929877797878516
la01,lower_mutation,119,666.2666666666667,1.112106833535071
la01,lower_mutation,120,666.2666666666667,1.112106833535071
la01,lower_mutation,121,666.2666666666667,1.112106833535071
la01,lower_mutation,122,666.2666666666667,1.112106833535071
la01,lower_mutation,123,666.2666666666667,1.112106833535071
la01,lower_mutation,124,666.2666666666667,1.112106833535071
la01,lower_mutation,125,666.2666666666667,1.112106833535071
la01,lower_mutation,126,666.2666666666667,1.112106833535071
la01,lower_mutation,127,666.2666666666667,1.112106833535071
la01,lower_mutation,128,666.2666666666667,1.112106833535071
la01,lower_mutation,129,666.2666666666667,1.112106833535071
la01,lower_mutation,130,666.2666666666667,1.112106833535071
la01,lower_mutation,131,666.2666666666667,1.112106833535071
la01,lower_mutation,132,666.2666666666667,1.112106833535071
la01,lower_mutation,133,666.2666666666667,1.112106833535071
la01,lower_mutation,134,666.2666666666667,1.112106833535071
la01,lower_mutation,135,666.2666666666667,1.112106833535071
la01,lower_mutation,136,666.2666666666667,1.112106833535071
la01,lower_mutation,137,666.1,0.30512857662936466
la01,lower_mutation,138,666.1,0.30512857662936466
la01,lower_mutation,139,666.1,0.30512857662936466
la01,lower_mutation,140,666.1,0.30512857662936466
la01,lower_mutation,141,666.1,0.30512857662936466
la01,lower_mutation,142,666.1,0.30512857662936466
la01,lower_mutation,143,666.1,0.30512857662936466
la01,lower_mutation,144,666.1,0.30512857662936466
la01,lower_mutation,145,666.1,0.30512857662936466
la01,lower_mutation,146,666.1,0.30512857662936466
la01,lower_mutation,147,666.1,0.30512857662936466
la01,lower_mutation,148,666.1,0.30512857662936466
la01,lower_mutation,149,666.1,0.30512857662936466
la01,lower_mutation,150,666.1,0.30512857662936466
la02,reference,0,767.1333333333333,16.12394521187052
la02,reference,1,754.5,14.209637331876147
la02,reference,2,750.7,14.529755438528491
la02,reference,3,745.2666666666667,13.77637491313032
la02,reference,4,741.5666666666667,13.830708794097518
la02,reference,5,738.7333333333333,12.20495471274801
la02,reference,6,735.0333333333333,13.87004545484766
la02,reference,7,731.3333333333334,11.957780134587123
la02,reference,8,728.9666666666667,10.714100709951746
la02,reference,9,725.4,10.896377126492943
la02,reference,10,724.9,10.964991312479851
la02,reference,11,723.0333333333333,13.438193981010409
la02,reference,12,718.5666666666667,15.002720059889217
la02,reference,13,713.4,14.468991814840834
la02,reference,14,709.0666666666667,13.6859689874863
la02,reference,15,708.2,14.27657835950801
la02,reference,16,706.9666666666667,14.351458734779959
la02,reference,17,706.6,14.411681085985006
la02,reference,18,704.7666666666667,13.67777793339994
la02,reference,19,703.3666666666667,14.468713770094409
la02,reference,20,702.5333333333333,14.148798738660693
la02,reference,21,702.3666666666667,14.24534608415925
la02,reference,22,700.4,14.670166771494054
la02,reference,23,699.5,13.999384222911008
la02,reference,24,696.9333333333333,13.920794005627927
la02,reference,25,696.4,13.664956439109442
la02,reference,26,695.6,13.984227568573646
la02,reference,27,694.6333333333333,13.991335578291581
la02,reference,28,693.8,13.973867235566587
la02,reference,29,692.3,14.232430184810928
la02,reference,30,691.3666666666667,14.32981779929248
la02,reference,31,690.3,14.239696819709378
la02,reference,32,690.1333333333333,14.21202340257721
la02,reference,33,687.9666666666667,14.250186528321446
la02,reference,34,687.2666666666667,14.774006374975478
la02,reference,35,686.7666666666667,14.072921744853895
la02,reference,36,686.6333333333333,13.932060107915653
la02,reference,37,685.4,13.260259528328271
la02,reference,38,685,13.375221557945794
la02,reference,39,684.4333333333333,12.759535537253571
la02,reference,40,684.3,12.913905897025941
la02,reference,41,684.1666666666666,13.086142534634934
la02,reference,42,684.1333333333333,13.10102215894605
la02,reference,43,683.6,12.986996148667991
la02,reference,44,682.0666666666667,12.83565436541923
la02,reference,45,681.8,13.189337386300162
la02,reference,46,681.4333333333333,12.754129374126405
la02,reference,47,680.7,12.334839920407113
la02,reference,48,680.3,11.782950862771292
la02,reference,49,679.9333333333333,11.673528359832604
la02,reference,50,679.8666666666667,11.637434642457558
la02,reference,51,679.5666666666667,11.497176065071995
la02,reference,52,679.2,11.683764154911131
la02,reference,53,679.2,11.683764154911131
la02,reference,54,678.5666666666667,11.156205427484288
la02,reference,55,678.5666666666667,11.156205427484288
la02,reference,56,678.5666666666667,11.156205427484288
la02,reference,57,678.3333333333334,10.554728743580988
la02,reference,58,678.2333333333333,10.572192978177048
la02,reference,59,678.0333333333333,10.114800808829546
la02,reference,60,677.8333333333334,10.127066271352618
la02,reference,61,677.6666666666666,10.333518722845684
la02,reference,62,677.3333333333334,9.696545184020293
la02,reference,63,677.2666666666667,9.702233419854077
la02,reference,64,677.1333333333333,9.747619809677795
la02,reference,65,677.1333333333333,9.747619809677795
la02,reference,66,677.1,9.700159970241515
la02,reference,67,677.1,9.700159970241515
la02,reference,68,677.1,9.700159970241515
la02,reference,69,676.8666666666667,9.712179816169447
la02,reference,70,676.5,9.551132808784228
la02,reference,71,676.5,9.551132808784228
la02,reference,72,676.5,9.551132808784228
la02,reference,73,676.5,9.551132808784228
la02,reference,74,676.5,9.551132808784228
la02,reference,75,676.5,9.551132808784228
la02,reference,76,676.5,9.551132808784228
la02,reference,77,676.5,9.551132808784228
la02,reference,78,676.5,9.551132808784228
la02,reference,79,676.5,9.551132808784228
la02,reference,80,676.4666666666667,9.569107382193703
la02,reference,81,676.4666666666667,9.569107382193703
la02,reference,82,676.3333333333334,9.553238603536078
la02,reference,83,676.3333333333334,9.553238603536078
la02,reference,84,676.3333333333334,9.553238603536078
la02,reference,85,676.3333333333334,9.553238603536078
la02,reference,86,676.3333333333334,9.553238603536078
la02,reference,87,676.3333333333334,9.553238603536078
la02,reference,88,676.3333333333334,9.553238603536078
la02,reference,89,676.3333333333334,9.553238603536078
la02,reference,90,676.3333333333334,9.553238603536078
la02,reference,91,676.3333333333334,9.553238603536078
la02,reference,92,676.3333333333334,9.553238603536078
la02,reference,93,676.3333333333334,9.553238603536078
la02,reference,94,676.3333333333334,9.553238603536078
la02,reference,95,676.1,9.079533635296626
la02,reference,96,676.1,9.079533635296626
la02,reference,97,675.9666666666667,8.880367083641863
la02,reference,98,675.9666666666667,8.880367083641863
la02,reference,99,675.5666666666667,8.439167034126358
la02,reference,100,675.5666666666667,8.439167034126358
la02,reference,101,675.5666666666667,8.439167034126358
la02,reference,102,675.5333333333333,8.455699295428655
la02,reference,103,675.4,8.265424452459193
la02,reference,104,675.4,8.265424452459193
la02,reference,105,675.2666666666667,8.170313518372826
la02,reference,106,675.2666666666667,8.170313518372826
la02,reference,107,675.2666666666667,8.170313518372826
la02,reference,108,675.2666666666667,8.170313518372826
la02,reference,109,675.2666666666667,8.170313518372826
la02,reference,110,675.2666666666667,8.170313518372826
la02,reference,111,675.2666666666667,8.170313518372826
la02,reference,112,675.2666666666667,8.170313518372826
la02,reference,113,675.2666666666667,8.170313518372826
la02,reference,114,675.2666666666667,8.170313518372826
la02,reference,115,675.2666666666667,8.170313518372826
la02,reference,116,675.2666666666667,8.170313518372826
la02,reference,117,675.2666666666667,8.170313518372826
la02,reference,118,675.2666666666667,8.170313518372826
la02,reference,119,675.1333333333333,8.139869241232798
la02,reference,120,674.9666666666667,7.997772678445665
la02,reference,121,674.9666666666667,7.997772678445665
la02,reference,122,674.8666666666667,8.016075802059747
la02,reference,123,674.8666666666667,8.016075802059747
la02,reference,124,674.8666666666667,8.016075802059747
la02,reference,125,674.8666666666667,8.016075802059747
la02,reference,126,674.8666666666667,8.016075802059747
la02,reference,127,674.8666666666667,8.016075802059747
la02,reference,128,674.8666666666667,8.016075802059747
la02,reference,129,674.8666666666667,8.016075802059747
la02,reference,130,674.8666666666667,8.016075802059747
la02,reference,131,674.8666666666667,8.016075802059747
la02,reference,132,674.8666666666667,8.016075802059747
la02,reference,133,674.8666666666667,8.016075802059747
la02,reference,134,674.8666666666667,8.016075802059747
la02,reference,135,674.8666666666667,8.016075802059747
la02,reference,136,674.8666666666667,8.016075802059747
la02,reference,137,674.8666666666667,8.016075802059747
la02,reference,138,674.8666666666667,8.016075802059747
la02,reference,139,674.8666666666667,8.016075802059747
la02,reference,140,674.8666666666667,8.016075802059747
la02,reference,141,674.8666666666667,8.016075802059747
la02,reference,142,674.8666666666667,8.016075802059747
la02,reference,143,674.6333333333333,8.202116351508199
la02,reference,144,674.6333333333333,8.202116351508199
la02,reference,145,674.6333333333333,8.202116351508199
la02,reference,146,674.5666666666667,8.257424384834799
la02,reference,147,674.5,8.295200107748228
la02,reference,148,674.5,8.295200107748228
la02,reference,149,674.5,8.295200107748228
la02,reference,150,674.5,8.295200107748228
la02,smaller_population,0,786.6333333333333,19.01810994150382
la02,smaller_population,1,767.5666666666667,23.457493962239568
la02,smaller_population,2,760,21.34769631438096
la02,smaller_population,3,753.6333333333333,19.77020281990627
la02,smaller_population,4,752.1,19.883019960725804
la02,smaller_population,5,748.6666666666666,19.255690306904146
la02,smaller_population,6,747.1333333333333,19.56022236199207
la02,smaller_population,7,744.0333333333333,19.508589325506453
la02,smaller_population,8,741.9,18.581321730204753
la02,smaller_population,9,738.7,17.07215922751587
la02,smaller_population,10,736.7333333333333,19.465147161606268
la02,smaller_population,11,734.9333333333333,20.049822999190056
la02,smaller_population,12,733.0666666666667,19.837153114249052
la02,smaller_population,13,731.8333333333334,19.257033347152237
la02,smaller_population,14,730.2,20.60699579905011
la02,smaller_population,15,729.3,19.851430939477073
la02,smaller_population,16,729.1,19.675558091370537
la02,smaller_population,17,726.9333333333333,21.188697919887147
la02,smaller_population,18,725.7333333333333,21.68414856180834
la02,smaller_population,19,725,21.31860123508786
la02,smaller_population,20,723.6333333333333,21.758047791062527
la02,smaller_population,21,722.2,20.51307404794688
la02,smaller_population,22,721.7666666666667,20.365087321423285
la02,smaller_population,23,721.7666666666667,20.365087321423285
la02,smaller_population,24,720.6333333333333,19.081464798347497
la02,smaller_population,25,720.2666666666667,19.219123617992526
la02,smaller_population,26,720.2666666666667,19.219123617992526
la02,smaller_population,27,720.0666666666667,19.2173293442777
la02,smaller_population,28,719.8666666666667,19.18464424253532
la02,smaller_population,29,718.5666666666667,20.095776419065214
la02,smaller_population,30,718.2333333333333,19.985655775620906
la02,smaller_population,31,717.8666666666667,20.033994098537363
la02,smaller_population,32,717.8333333333334,20.010485756969647
la02,smaller_population,33,717.8333333333334,20.010485756969647
la02,smaller_population,34,717.1666666666666,20.05695912134744
la02,smaller_population,35,716.9333333333333,19.845842669545878
la02,smaller_population,36,716.8,19.815354547977915
la02,smaller_population,37,716.7,19.868793761002237
la02,smaller_population,38,716.7,19.868793761002237
la02,smaller_population,39,716.3333333333334,20.021253075485653
la02,smaller_population,40,716.2333333333333,20.045952955273975
la02,smaller_population,41,715.9333333333333,19.60107902260931
la02,smaller_population,42,715.7666666666667,19.60415742912067
la02,smaller_population,43,715.7666666666667,19.60415742912067
la02,smaller_population,44,715.4,19.633890474697413
la02,smaller_population,45,714.8,19.91949313854526
la02,smaller_population,46,713.3666666666667,20.440803232300077
la02,smaller_population,47,712.3333333333334,21.171440316083157
la02,smaller_population,48,712.3333333333334,21.171440316083157
la02,smaller_population,49,712.3333333333334,21.171440316083157
la02,smaller_population,50,712.3333333333334,21.171440316083157
la02,smaller_population,51,712.3333333333334,21.171440316083157
la02,smaller_population,52,712.3333333333334,21.171440316083157
la02,smaller_population,53,712.3333333333334,21.171440316083157
la02,smaller_population,54,712.3333333333334,21.171440316083157
la02,smaller_population,55,712.3333333333334,21.171440316083157
la02,smaller_population,56,712.1666666666666,21.038689046174174
la02,smaller_population,57,712.1666666666666,21.038689046174174
la02,smaller_population,58,711.8666666666667,21.105209903184363
la02,smaller_population,59,711.4333333333333,20.93781158629021
la02,smaller_population,60,711.3666666666667,20.879759764328995
la02,smaller_population,61,711.3666666666667,20.879759764328995
la02,smaller_population,62,711.3666666666667,20.879759764328995
la02,smaller_population,63,711.3666666666667,20.879759764328995
la02,smaller_population,64,711.3333333333334,20.907568887405567
la02,smaller_population,65,711.3333333333334,20.907568887405567
la02,smaller_population,66,711.3333333333334,20.907568887405567
la02,smaller_population,67,711.3,20.880860730046216
la02,smaller_population,68,711.3,20.880860730046216
la02,smaller_population,69,711.1333333333333,20.770890328954877
la02,smaller_population,70,711.1333333333333,20.770890328954877
la02,smaller_population,71,711.1333333333333,20.770890328954877
la02,smaller_population,72,711.1333333333333,20.770890328954877
la02,smaller_population,73,710.8333333333334,21.01573028805399
la02,smaller_population,74,710.8333333333334,21.01573028805399
la02,smaller_population,75,710.7333333333333,21.105536670762948
la02,smaller_population,76,710.6666666666666,20.98987166810884
la02,smaller_population,77,710.6666666666666,20.98987166810884
la02,smaller_population,78,710.6666666666666,20.98987166810884
la02,smaller_population,79,710.6666666666666,20.98987166810884
la02,smaller_population,80,710.2,20.632080811704128
la02,smaller_population,81,710.2,20.632080811704128
la02,smaller_population,82,710.1333333333333,20.53211669779699
la02,smaller_population,83,710.1333333333333,20.53211669779699
la02,smaller_population,84,710.1333333333333,20.53211669779699
la02,smaller_population,85,710,20.55270768301462
la02,smaller_population,86,710,20.55270768301462
la02,smaller_population,87,710,20.55270768301462
la02,smaller_population,88,710,20.55270768301462
la02,smaller_population,89,710,20.55270768301462
la02,smaller_population,90,710,20.55270768301462
la02,smaller_population,91,710,20.55270768301462
la02,smaller_population,92,710,20.55270768301462
la02,smaller_population,93,709.7666666666667,20.72094281794069
la02,smaller_population,94,709.7666666666667,20.72094281794069
la02,smaller_population,95,709.7666666666667,20.72094281794069
la02,smaller_population,96,709.7666666666667,20.72094281794069
la02,smaller_population,97,709.7666666666667,20.72094281794069
la02,smaller_population,98,709.7666666666667,20.72094281794069
la02,smaller_population,99,709.7666666666667,20.72094281794069
la02,smaller_population,100,709.7666666666667,20.72094281794069
la02,smaller_population,101,709.7666666666667,20.72094281794069
la02,smaller_population,102,709.7666666666667,20.72094281794069
la02,smaller_population,103,709.7666666666667,20.72094281794069
la02,smaller_population,104,709.7666666666667,20.72094281794069
la02,smaller_population,105,709.7,20.80309990163104
la02,smaller_population,106,709.7,20.80309990163104
la02,smaller_population,107,709.7,20.80309990163104
la02,smaller_population,108,709.7,20.80309990163104
la02,smaller_population,109,709.7,20.80309990163104
la02,smaller_population,110,709.7,20.80309990163104
la02,smaller_population,111,709.7,20.80309990163104
la02,smaller_population,112,709.7,20.80309990163104
la02,smaller_population,113,709.7,20.80309990163104
la02,smaller_population,114,709.3,21.265400099205994
la02,smaller_population,115,709.3,21.265400099205994
la02,smaller_population,116,709.3,21.265400099205994
la02,smaller_population,117,709.3,21.265400099205994
la02,smaller_population,118,709.3,21.265400099205994
la02,smaller_population,119,709.3,21.265400099205994
la02,smaller_population,120,709.3,21.265400099205994
la02,smaller_population,121,709.1,21.003037547147713
la02,smaller_population,122,709.1,21.003037547147713
la02,smaller_population,123,709.1,21.003037547147713
la02,smaller_population,124,709.1,21.003037547147713
la02,smaller_population,125,709.1,21.003037547147713
la02,smaller_population,126,709.1,21.003037547147713
la02,smaller_population,127,708.1666666666666,20.832804590991508
la02,smaller_population,128,708.1666666666666,20.832804590991508
la02,smaller_population,129,708.1,20.790166773808203
la02,smaller_population,130,707.9333333333333,20.78615808214909
la02,smaller_population,131,707.9333333333333,20.78615808214909
la02,smaller_population,132,707.9333333333333,20.78615808214909
la02,smaller_population,133,707.5666666666667,20.45968842809471
la02,smaller_population,134,707.4,20.493228486334296
la02,smaller_population,135,707.4,20.493228486334296
la02,smaller_population,136,707.4,20.493228486334296
la02,smaller_population,137,707.3666666666667,20.487983582196854
la02,smaller_population,138,707.3666666666667,20.487983582196854
la02,smaller_population,139,707.3666666666667,20.487983582196854
la02,smaller_population,140,707.0666666666667,20.513970568998754
la02,smaller_population,141,707.0666666666667,20.513970568998754
la02,smaller_population,142,707.0666666666667,20.513970568998754
la02,smaller_population,143,707.0666666666667,20.513970568998754
la02,smaller_population,144,707.0666666666667,20.513970568998754
la02,smaller_population,145,707.0666666666667,20.513970568998754
la02,smaller_population,146,707.0666666666667,20.513970568998754
la02,smaller_population,147,707.0666666666667,20.513970568998754
la02,smaller_population,148,707.0666666666667,20.513970568998754
la02,smaller_population,149,707.0666666666667,20.513970568998754
la02,smaller_population,150,707.0666666666667,20.513970568998754
la02,lower_mutation,0,767.1333333333333,16.12394521187052
la02,lower_mutation,1,754.5666666666667,15.155932793812946
la02,lower_mutation,2,751.1666666666666,15.335519584270376
la02,lower_mutation,3,745.7,13.07577386118946
la02,lower_mutation,4,742.1,11.433013299364621
la02,lower_mutation,5,740.5333333333333,10.30143389193393
la02,lower_mutation,6,736.5333333333333,12.675616922572885
la02,lower_mutation,7,732.7,12.624961590928258
la02,lower_mutation,8,731.3666666666667,11.737012876552868
la02,lower_mutation,9,723.7333333333333,12.792598434745136
la02,lower_mutation,10,720.9333333333333,12.854445986085725
la02,lower_mutation,11,718.0333333333333,13.288531050167448
la02,lower_mutation,12,714.7333333333333,12.806068963536413
la02,lower_mutation,13,713.0333333333333,14.087126266090667
la02,lower_mutation,14,711.7333333333333,14.00968466339682
la02,lower_mutation,15,710.3,13.980651654685312
la02,lower_mutation,16,707.6666666666666,14.35109831993725
la02,lower_mutation,17,707.5666666666667,14.296571407963118
la02,lower_mutation,18,707.1,14.399113957414905
la02,lower_mutation,19,704.9333333333333,13.06464915224532
la02,lower_mutation,20,702.5,13.469633791709358
la02,lower_mutation,21,698.2333333333333,11.737600451873291
la02,lower_mutation,22,697.2,11.517303324219128
la02,lower_mutation,23,697.0333333333333,11.254066953262084
la02,lower_mutation,24,694.9333333333333,11.999808427589608
la02,lower_mutation,25,694.1333333333333,11.990609352475719
la02,lower_mutation,26,693.9666666666667,12.02722008564347
la02,lower_mutation,27,692.9666666666667,11.53251276065683
la02,lower_mutation,28,692.7666666666667,11.385663499916609
la02,lower_mutation,29,691.3,11.756582895523271
la02,lower_mutation,30,690.6,12.144531904211615
la02,lower_mutation,31,690.3333333333334,12.40226156610249
la02,lower_mutation,32,689.9666666666667,12.075861740745841
la02,lower_mutation,33,689.5333333333333,12.085138588888572
la02,lower_mutation,34,689.3666666666667,12.268499987937522
la02,lower_mutation,35,689.0333333333333,12.285352459635469
la02,lower_mutation,36,688.1333333333333,12.456083774144494
la02,lower_mutation,37,688.0666666666667,12.417821823918022
la02,lower_mutation,38,687.8666666666667,12.356021381003519
la02,lower_mutation,39,687.8666666666667,12.356021381003519
la02,lower_mutation,40,687.4666666666667,12.397812191126174
la02,lower_mutation,41,686.7333333333333,12.665275180678028
la02,lower_mutation,42,686.1,13.052546323121836
la02,lower_mutation,43,685.4666666666667,12.976725407391903
la02,lower_mutation,44,685.3,13.159892044416234
la02,lower_mutation,45,685.1333333333333,13.23457679672855
la02,lower_mutation,46,685.0666666666667,13.276718885621406
la02,lower_mutation,47,684.8333333333334,13.321186996229192
la02,lower_mutation,48,684.4,13.545835344208706
la02,lower_mutation,49,684.3666666666667,13.56080389574492
la02,lower_mutation,50,683.7666666666667,13.705481745821906
la02,lower_mutation,51,682.7333333333333,12.13127429794389
la02,lower_mutation,52,682.7333333333333,12.13127429794389
la02,lower_mutation,53,682.4,11.96143227498135
la02,lower_mutation,54,682.4,11.96143227498135
la02,lower_mutation,55,682.2,11.931991191461023
la02,lower_mutation,56,682.1666666666666,11.93974335002088
la02,lower_mutation,57,682.1666666666666,11.93974335002088
la02,lower_mutation,58,682.0333333333333,11.975501813208535
la02,lower_mutation,59,682.0333333333333,11.975501813208535
la02,lower_mutation,60,682.0333333333333,11.975501813208535
la02,lower_mutation,61,681.9666666666667,12.035818191557643
la02,lower_mutation,62,681.9666666666667,12.035818191557643
la02,lower_mutation,63,681.4333333333333,12.469779560956583
la02,lower_mutation,64,681.1333333333333,12.623823491328999
la02,lower_mutation,65,680.6666666666666,12.836728913372063
la02,lower_mutation,66,680.6666666666666,12.836728913372063
la02,lower_mutation,67,680.6666666666666,12.836728913372063
la02,lower_mutation,68,680.6,12.802478208372865
la02,lower_mutation,69,680.6,12.802478208372865
la02,lower_mutation,70,680.6,12.802478208372865
la02,lower_mutation,71,680.6,12.802478208372865
la02,lower_mutation,72,680.5333333333333,12.845858941854491
la02,lower_mutation,73,680.1333333333333,13.08258472124319
la02,lower_mutation,74,680.1,13.115797266313416
la02,lower_mutation,75,680.0666666666667,13.151460737888772
la02,lower_mutation,76,680.0666666666667,13.151460737888772
la02,lower_mutation,77,679.8333333333334,13.104574966685156
la02,lower_mutation,78,679.8333333333334,13.104574966685156
la02,lower_mutation,79,679.8333333333334,13.104574966685156
la02,lower_mutation,80,679.4333333333333,13.312382965866218
la02,lower_mutation,81,679.4333333333333,13.312382965866218
la02,lower_mutation,82,679.4333333333333,13.312382965866218
la02,lower_mutation,83,679.4333333333333,13.312382965866218
la02,lower_mutation,84,679.4333333333333,13.312382965866218
la02,lower_mutation,85,679.1666666666666,13.666176049506019
la02,lower_mutation,86,679.1666666666666,13.666176049506019
la02,lower_mutation,87,679.0333333333333,13.576052276059446
la02,lower_mutation,88,679,13.584981565608803
la02,lower_mutation,89,679,13.584981565608803
la02,lower_mutation,90,679,13.584981565608803
la02,lower_mutation,91,679,13.584981565608803
la02,lower_mutation,92,679,13.584981565608803
la02,lower_mutation,93,678.7666666666667,13.52056755933111
la02,lower_mutation,94,678.7666666666667,13.52056755933111
la02,lower_mutation,95,678.7666666666667,13.52056755933111
la02,lower_mutation,96,678.7666666666667,13.52056755933111
la02,lower_mutation,97,678.7666666666667,13.52056755933111
la02,lower_mutation,98,678.6666666666666,13.56042246654817
la02,lower_mutation,99,678.6666666666666,13.56042246654817
la02,lower_mutation,100,678.6666666666666,13.56042246654817
la02,lower_mutation,101,678.6666666666666,13.56042246654817
la02,lower_mutation,102,678.6666666666666,13.56042246654817
la02,lower_mutation,103,678.6666666666666,13.56042246654817
la02,lower_mutation,104,678.6666666666666,13.56042246654817
la02,lower_mutation,105,678.6666666666666,13.56042246654817
la02,lower_mutation,106,678.6666666666666,13.56042246654817
la02,lower_mutation,107,678.6666666666666,13.56042246654817
la02,lower_mutation,108,678.6666666666666,13.56042246654817
la02,lower_mutation,109,678.6666666666666,13.56042246654817
la02,lower_mutation,110,678.6666666666666,13.56042246654817
la02,lower_mutation,111,678.6666666666666,13.56042246654817
la02,lower_mutation,112,678.6666666666666,13.56042246654817
la02,lower_mutation,113,678.6666666666666,13.56042246654817
la02,lower_mutation,114,678.6666666666666,13.56042246654817
la02,lower_mutation,115,678.6666666666666,13.56042246654817
la02,lower_mutation,116,678.6666666666666,13.56042246654817
la02,lower_mutation,117,678.6666666666666,13.56042246654817
la02,lower_mutation,118,678.4666666666667,13.720694999320107
la02,lower_mutation,119,678.4666666666667,13.720694999320107
la02,lower_mutation,120,678.4666666666667,13.720694999320107
la02,lower_mutation,121,678.4666666666667,13.720694999320107
la02,lower_mutation,122,678.4666666666667,13.720694999320107
la02,lower_mutation,123,678.4666666666667,13.720694999320107
la02,lower_mutation,124,678.4666666666667,13.720694999320107
la02,lower_mutation,125,678.0666666666667,13.8637043697049
la02,lower_mutation,126,677.9,13.96880761578799
la02,lower_mutation,127,677.9,13.96880761578799
la02,lower_mutation,128,677.9,13.96880761578799
la02,lower_mutation,129,677.9,13.96880761578799
la02,lower_mutation,130,677.9,13.96880761578799
la02,lower_mutation,131,677.9,13.96880761578799
la02,lower_mutation,132,677.9,13.96880761578799
la02,lower_mutation,133,677.9,13.96880761578799
la02,lower_mutation,134,677.9,13.96880761578799
la02,lower_mutation,135,677.9,13.96880761578799
la02,lower_mutation,136,677.9,13.96880761578799
la02,lower_mutation,137,677.9,13.96880761578799
la02,lower_mutation,138,677.9,13.96880761578799
la02,lower_mutation,139,677.9,13.96880761578799
la02,lower_mutation,140,677.9,13.96880761578799
la02,lower_mutation,141,677.9,13.96880761578799
la02,lower_mutation,142,677.9,13.96880761578799
la02,lower_mutation,143,677.9,13.96880761578799
la02,lower_mutation,144,677.9,13.96880761578799
la02,lower_mutation,145,677.9,13.96880761578799
la02,lower_mutation,146,677.9,13.96880761578799
la02,lower_mutation,147,677.9,13.96880761578799
la02,lower_mutation,148,677.9,13.96880761578799
la02,lower_mutation,149,677.9,13.96880761578799
la02,lower_mutation,150,677.9,13.96880761578799
la16,reference,0,1064.9666666666667,21.2334858075689
la16,reference,1,1051.0333333333333,24.07672124162936
la16,reference,2,1040.9666666666667,20.978615274859653
la16,reference,3,1036.3666666666666,19.36666765584503
la16,reference,4,1030.0666666666666,16.68766493310374
la16,reference,5,1026.7,14.551099022363248
la16,reference,6,1023.2,13.123813575276841
la16,reference,7,1018.1,15.715904529247236
la16,reference,8,1012.4333333333333,15.524581916372528
la16,reference,9,1009.4,15.60857412472057
la16,reference,10,1007.0333333333333,14.235660258256578
la16,reference,11,1003.8333333333334,11.69462987084636
la16,reference,12,1003.1666666666666,12.295452855407166
la16,reference,13,1000.7666666666667,12.32514484305555
la16,reference,14,998.3,12.509720358516248
la16,reference,15,996.0666666666667,11.246250971747884
la16,reference,16,995.5666666666667,11.577872275888243
la16,reference,17,995.4,11.352046754539085
la16,reference,18,993.9,11.03396011693304
la16,reference,19,992.8333333333334,10.103203088312052
la16,reference,20,992.2333333333333,10.057364203042647
la16,reference,21,991.8333333333334,10.017513399673778
la16,reference,22,991.4,9.231131734703403
la16,reference,23,990.8333333333334,9.02136671858895
la16,reference,24,990.5,9.175492094291934
la16,reference,25,989.6666666666666,8.97634182970313
la16,reference,26,988.6,8.576632246380578
la16,reference,27,988,8.654279387917745
la16,reference,28,988,8.654279387917745
la16,reference,29,986.7666666666667,8.211360227246713
la16,reference,30,985.9,7.756421144156449
la16,reference,31,984.8333333333334,7.538788585265761
la16,reference,32,984.8333333333334,7.538788585265761
la16,reference,33,984.8333333333334,7.538788585265761
la16,reference,34,984.8333333333334,7.538788585265761
la16,reference,35,984.8333333333334,7.538788585265761
la16,reference,36,984.8333333333334,7.538788585265761
la16,reference,37,984.8333333333334,7.538788585265761
la16,reference,38,984.8333333333334,7.538788585265761
la16,reference,39,984.8333333333334,7.538788585265761
la16,reference,40,984.8,7.4620880871703505
la16,reference,41,984.8,7.4620880871703505
la16,reference,42,984.8,7.4620880871703505
la16,reference,43,984.6,7.453765537609509
la16,reference,44,984.6,7.453765537609509
la16,reference,45,984.6,7.453765537609509
la16,reference,46,984.6,7.453765537609509
la16,reference,47,984.6,7.453765537609509
la16,reference,48,984.6,7.453765537609509
la16,reference,49,984.6,7.453765537609509
la16,reference,50,984.6,7.453765537609509
la16,reference,51,984.6,7.453765537609509
la16,reference,52,984.6,7.453765537609509
la16,reference,53,984.6,7.453765537609509
la16,reference,54,984.1666666666666,6.818247996892342
la16,reference,55,983.9666666666667,6.789867366199042
la16,reference,56,983.9666666666667,6.789867366199042
la16,reference,57,983.9666666666667,6.789867366199042
la16,reference,58,983.9666666666667,6.789867366199042
la16,reference,59,983.9666666666667,6.789867366199042
la16,reference,60,983.9666666666667,6.789867366199042
la16,reference,61,983.9666666666667,6.789867366199042
la16,reference,62,983.9666666666667,6.789867366199042
la16,reference,63,983.9666666666667,6.789867366199042
la16,reference,64,983.9666666666667,6.789867366199042
la16,reference,65,983.9666666666667,6.789867366199042
la16,reference,66,983.9666666666667,6.789867366199042
la16,reference,67,983.9666666666667,6.789867366199042
la16,reference,68,983.9666666666667,6.789867366199042
la16,reference,69,983.9666666666667,6.789867366199042
la16,reference,70,983.9666666666667,6.789867366199042
la16,reference,71,983.9666666666667,6.789867366199042
la16,reference,72,983.9666666666667,6.789867366199042
la16,reference,73,983.9666666666667,6.789867366199042
la16,reference,74,983.9666666666667,6.789867366199042
la16,reference,75,983.9666666666667,6.789867366199042
la16,reference,76,983.9666666666667,6.789867366199042
la16,reference,77,983.9666666666667,6.789867366199042
la16,reference,78,983.9666666666667,6.789867366199042
la16,reference,79,983.9666666666667,6.789867366199042
la16,reference,80,983.9666666666667,6.789867366199042
la16,reference,81,983.9666666666667,6.789867366199042
la16,reference,82,983.9666666666667,6.789867366199042
la16,reference,83,983.9666666666667,6.789867366199042
la16,reference,84,983.9666666666667,6.789867366199042
la16,reference,85,983.9666666666667,6.789867366199042
la16,reference,86,983.9666666666667,6.789867366199042
la16,reference,87,982.9333333333333,8.464666249335746
la16,reference,88,982.9333333333333,8.464666249335746
la16,reference,89,982.9333333333333,8.464666249335746
la16,reference,90,982.9333333333333,8.464666249335746
la16,reference,91,982.9333333333333,8.464666249335746
la16,reference,92,982.9333333333333,8.464666249335746
la16,reference,93,982.9333333333333,8.464666249335746
la16,reference,94,982.9333333333333,8.464666249335746
la16,reference,95,982.9333333333333,8.464666249335746
la16,reference,96,982.9333333333333,8.464666249335746
la16,reference,97,982.9333333333333,8.464666249335746
la16,reference,98,982.9333333333333,8.464666249335746
la16,reference,99,982.9333333333333,8.464666249335746
la16,reference,100,982.7,7.821940847429726
la16,reference,101,982.7,7.821940847429726
la16,reference,102,982.7,7.821940847429726
la16,reference,103,982.7,7.821940847429726
la16,reference,104,982.7,7.821940847429726
la16,reference,105,982.4,7.663617584584882
la16,reference,106,982.4,7.663617584584882
la16,reference,107,982.4,7.663617584584882
la16,reference,108,982.4,7.663617584584882
la16,reference,109,982.4,7.663617584584882
la16,reference,110,982.4,7.663617584584882
la16,reference,111,982.4,7.663617584584882
la16,reference,112,982.4,7.663617584584882
la16,reference,113,982.4,7.663617584584882
la16,reference,114,982.4,7.663617584584882
la16,reference,115,982.4,7.663617584584882
la16,reference,116,982.4,7.663617584584882
la16,reference,117,982.4,7.663617584584882
la16,reference,118,982.4,7.663617584584882
la16,reference,119,982.4,7.663617584584882
la16,reference,120,982.4,7.663617584584882
la16,reference,121,982.4,7.663617584584882
la16,reference,122,982.4,7.663617584584882
la16,reference,123,982.4,7.663617584584882
la16,reference,124,982.4,7.663617584584882
la16,reference,125,982.4,7.663617584584882
la16,reference,126,982.4,7.663617584584882
la16,reference,127,982.4,7.663617584584882
la16,reference,128,982.4,7.663617584584882
la16,reference,129,982.4,7.663617584584882
la16,reference,130,982.4,7.663617584584882
la16,reference,131,982.4,7.663617584584882
la16,reference,132,982,7.343775220059409
la16,reference,133,982,7.343775220059409
la16,reference,134,982,7.343775220059409
la16,reference,135,982,7.343775220059409
la16,reference,136,981.7333333333333,6.669194922892885
la16,reference,137,981.7333333333333,6.669194922892885
la16,reference,138,981.7333333333333,6.669194922892885
la16,reference,139,981.7333333333333,6.669194922892885
la16,reference,140,981.7333333333333,6.669194922892885
la16,reference,141,981.7333333333333,6.669194922892885
la16,reference,142,981.7333333333333,6.669194922892885
la16,reference,143,981.7333333333333,6.669194922892885
la16,reference,144,981.7333333333333,6.669194922892885
la16,reference,145,981.7333333333333,6.669194922892885
la16,reference,146,981.7333333333333,6.669194922892885
la16,reference,147,981.7333333333333,6.669194922892885
la16,reference,148,981.7333333333333,6.669194922892885
la16,reference,149,981.7333333333333,6.669194922892885
la16,reference,150,981.7333333333333,6.669194922892885
la16,smaller_population,0,1083.4666666666667,22.756178900705617
la16,smaller_population,1,1069.2666666666667,27.344460869248913
la16,smaller_population,2,1061.2,25.002620552309285
la16,smaller_population,3,1054.8666666666666,24.131440835176196
la16,smaller_population,4,1051.4666666666667,23.80920328191475
la16,smaller_population,5,1044.9666666666667,22.63424828445378
la16,smaller_population,6,1039.6,23.22691660923623
la16,smaller_population,7,1036.2,21.20409849777746
la16,smaller_population,8,1031.9333333333334,19.932529872709004
la16,smaller_population,9,1029.4,20.553714321596306
la16,smaller_population,10,1026.0666666666666,20.781180699478263
la16,smaller_population,11,1024.5333333333333,21.522615744972708
la16,smaller_population,12,1023.3,20.723383427656188
la16,smaller_population,13,1020.7,23.023451312625298
la16,smaller_population,14,1019.1333333333333,21.090500122147386
la16,smaller_population,15,1017.9333333333333,20.777861781951604
la16,smaller_population,16,1017.5666666666667,20.315924335584523
la16,smaller_population,17,1015,17.921283821007453
la16,smaller_population,18,1013.7,18.405677534859763
la16,smaller_population,19,1013.6333333333333,18.35377126206573
la16,smaller_population,20,1012.6666666666666,19.293260094070966
la16,smaller_population,21,1011.5,18.840071015313846
la16,smaller_population,22,1010.3666666666667,18.395058056976612
la16,smaller_population,23,1008.8666666666667,19.54787815160216
la16,smaller_population,24,1008.5666666666667,18.971272898840997
la16,smaller_population,25,1007.6,18.27113797109038
la16,smaller_population,26,1007.3666666666667,18.21799665986495
la16,smaller_population,27,1007.3666666666667,18.21799665986495
la16,smaller_population,28,1007.3666666666667,18.21799665986495
la16,smaller_population,29,1007.3666666666667,18.21799665986495
la16,smaller_population,30,1007.3666666666667,18.21799665986495
la16,smaller_population,31,1007.3666666666667,18.21799665986495
la16,smaller_population,32,1007.2,18.11153185699367
la16,smaller_population,33,1007.2,18.11153185699367
la16,smaller_population,34,1007,18.362255139091808
la16,smaller_population,35,1006.5666666666667,18.344750885674934
la16,smaller_population,36,1006.5666666666667,18.344750885674934
la16,smaller_population,37,1006.5,18.31289351701465
la16,smaller_population,38,1006.5,18.31289351701465
la16,smaller_population,39,1006.5,18.31289351701465
la16,smaller_population,40,1006.4333333333333,18.28827273255268
la16,smaller_population,41,1006.2,18.495852284340344
la16,smaller_population,42,1006.2,18.495852284340344
la16,smaller_population,43,1006.2,18.495852284340344
la16,smaller_population,44,1006.2,18.495852284340344
la16,smaller_population,45,1005.6,19.1304054790562
la16,smaller_population,46,1005.6,19.1304054790562
la16,smaller_population,47,1005.5,19.13067585373527
la16,smaller_population,48,1005.0666666666667,19.32469089431755
la16,smaller_population,49,1005.0666666666667,19.32469089431755
la16,smaller_population,50,1005.0666666666667,19.32469089431755
la16,smaller_population,51,1004.9,19.257510850001644
la16,smaller_population,52,1004.8666666666667,19.249242409334798
la16,smaller_population,53,1004.8666666666667,19.249242409334798
la16,smaller_population,54,1004.8666666666667,19.249242409334798
la16,smaller_population,55,1004.5333333333333,18.99134709197365
la16,smaller_population,56,1004.5333333333333,18.99134709197365
la16,smaller_population,57,1004.5333333333333,18.99134709197365
la16,smaller_population,58,1004.5333333333333,18.99134709197365
la16,smaller_population,59,1004.5333333333333,18.99134709197365
la16,smaller_population,60,1004.5333333333333,18.99134709197365
la16,smaller_population,61,1004.5333333333333,18.99134709197365
la16,smaller_population,62,1004.5333333333333,18.99134709197365
la16,smaller_population,63,1004.5333333333333,18.99134709197365
la16,smaller_population,64,1004.4666666666667,18.953178849621693
la16,smaller_population,65,1004.4333333333333,18.92031080398893
la16,smaller_population,66,1004.1666666666666,18.71949626004624
la16,smaller_population,67,1004.1666666666666,18.71949626004624
la16,smaller_population,68,1004.1666666666666,18.71949626004624
la16,smaller_population,69,1004.1666666666666,18.71949626004624
la16,smaller_population,70,1004.1666666666666,18.71949626004624
la16,smaller_population,71,1004.1666666666666,18.71949626004624
la16,smaller_population,72,1004.1333333333333,18.709638551095626
la16,smaller_population,73,1004.1333333333333,18.709638551095626
la16,smaller_population,74,1004.1333333333333,18.709638551095626
la16,smaller_population,75,1004.1333333333333,18.709638551095626
la16,smaller_population,76,1004.1333333333333,18.709638551095626
la16,smaller_population,77,1004.1333333333333,18.709638551095626
la16,smaller_population,78,1004.1333333333333,18.709638551095626
la16,smaller_population,79,1004.1333333333333,18.709638551095626
la16,smaller_population,80,1004.1333333333333,18.709638551095626
la16,smaller_population,81,1004.1333333333333,18.709638551095626
la16,smaller_population,82,1003.5,19.136082545087795
la16,smaller_population,83,1002.8666666666667,19.531995560482617
la16,smaller_population,84,1002.8666666666667,19.531995560482617
la16,smaller_population,85,1002.2,19.480140196337537
la16,smaller_population,86,1002.2,19.480140196337537
la16,smaller_population,87,1002.2,19.480140196337537
la16,smaller_population,88,1002.2,19.480140196337537
la16,smaller_population,89,1002.2,19.480140196337537
la16,smaller_population,90,1002.2,19.480140196337537
la16,smaller_population,91,1002.2,19.480140196337537
la16,smaller_population,92,1002.2,19.480140196337537
la16,smaller_population,93,1002.2,19.480140196337537
la16,smaller_population,94,1002.2,19.480140196337537
la16,smaller_population,95,1002.2,19.480140196337537
la16,smaller_population,96,1002.2,19.480140196337537
la16,smaller_population,97,1002.2,19.480140196337537
la16,smaller_population,98,1002.2,19.480140196337537
la16,smaller_population,99,1001.8333333333334,19.413971743323795
la16,smaller_population,100,1001.8333333333334,19.413971743323795
la16,smaller_population,101,1001.6333333333333,19.411129643145152
la16,smaller_population,102,1001.5666666666667,19.416813427495278
la16,smaller_population,103,1001.5666666666667,19.416813427495278
la16,smaller_population,104,1001.5333333333333,19.404466839708153
la16,smaller_population,105,1001.5333333333333,19.404466839708153
la16,smaller_population,106,1001.5333333333333,19.404466839708153
la16,smaller_population,107,1001.5333333333333,19.404466839708153
la16,smaller_population,108,1001.5333333333333,19.404466839708153
la16,smaller_population,109,1001.5333333333333,19.404466839708153
la16,smaller_population,110,1001.5333333333333,19.404466839708153
la16,smaller_population,111,1001.5333333333333,19.404466839708153
la16,smaller_population,112,1001.5333333333333,19.404466839708153
la16,smaller_population,113,1000.3666666666667,17.470138726593923
la16,smaller_population,114,1000.3666666666667,17.470138726593923
la16,smaller_population,115,1000.3666666666667,17.470138726593923
la16,smaller_population,116,1000.3666666666667,17.470138726593923
la16,smaller_population,117,1000.3666666666667,17.470138726593923
la16,smaller_population,118,1000.3666666666667,17.470138726593923
la16,smaller_population,119,1000.3333333333334,17.444163796946892
la16,smaller_population,120,1000.3333333333334,17.444163796946892
la16,smaller_population,121,1000.3333333333334,17.444163796946892
la16,smaller_population,122,1000.3333333333334,17.444163796946892
la16,smaller_population,123,1000.3333333333334,17.444163796946892
la16,smaller_population,124,1000.3333333333334,17.444163796946892
la16,smaller_population,125,1000.3333333333334,17.444163796946892
la16,smaller_population,126,1000.3333333333334,17.444163796946892
la16,smaller_population,127,1000.3333333333334,17.444163796946892
la16,smaller_population,128,1000.3333333333334,17.444163796946892
la16,smaller_population,129,1000.3333333333334,17.444163796946892
la16,smaller_population,130,1000.3333333333334,17.444163796946892
la16,smaller_population,131,1000.3333333333334,17.444163796946892
la16,smaller_population,132,999.8333333333334,17.222846361203167
la16,smaller_population,133,999.8333333333334,17.222846361203167
la16,smaller_population,134,999.8333333333334,17.222846361203167
la16,smaller_population,135,999.8333333333334,17.222846361203167
la16,smaller_population,136,999.8333333333334,17.222846361203167
la16,smaller_population,137,999.8333333333334,17.222846361203167
la16,smaller_population,138,998.8,17.33523420169414
la16,smaller_population,139,998.7,17.312841556446497
la16,smaller_population,140,998.5333333333333,16.921183078662356
la16,smaller_population,141,998.5333333333333,16.921183078662356
la16,smaller_population,142,998.5333333333333,16.921183078662356
la16,smaller_population,143,998.5333333333333,16.921183078662356
la16,smaller_population,144,998.5333333333333,16.921183078662356
la16,smaller_population,145,998.5333333333333,16.921183078662356
la16,smaller_population,146,998.5333333333333,16.921183078662356
la16,smaller_population,147,997.3666666666667,17.095035240825258
la16,smaller_population,148,997.3666666666667,17.095035240825258
la16,smaller_population,149,997.3666666666667,17.095035240825258
la16,smaller_population,150,997.3666666666667,17.095035240825258
la16,lower_mutation,0,1064.9666666666667,21.2334858075689
la16,lower_mutation,1,1049.6333333333334,24.61214072900543
la16,lower_mutation,2,1040.4333333333334,20.903197797488296
la16,lower_mutation,3,1034.2333333333333,18.83445729531901
la16,lower_mutation,4,1029.7333333333333,15.854800933587219
la16,lower_mutation,5,1024.7,18.223043388655682
la16,lower_mutation,6,1017.7,20.178769997715165
la16,lower_mutation,7,1016.1333333333333,18.731742068466037
la16,lower_mutation,8,1014.3666666666667,18.795603545608163
la16,lower_mutation,9,1009.4333333333333,15.562296021836378
la16,lower_mutation,10,1004.6666666666666,14.125870942531561
la16,lower_mutation,11,1002.6666666666666,15.104996509110153
la16,lower_mutation,12,1001.2666666666667,14.053919157237276
la16,lower_mutation,13,1000.0666666666667,13.612705356630503
la16,lower_mutation,14,998.5333333333333,12.867315807578285
la16,lower_mutation,15,996.4,12.124640058646035
la16,lower_mutation,16,995.3333333333334,12.129568697262455
la16,lower_mutation,17,994.5,12.073767517596382
la16,lower_mutation,18,992.8333333333334,11.386874880327344
la16,lower_mutation,19,991.5666666666667,8.88890565132519
la16,lower_mutation,20,989.3666666666667,8.572141459133901
la16,lower_mutation,21,988.7333333333333,8.52555320617169
la16,lower_mutation,22,987.4,7.845930199132233
la16,lower_mutation,23,987.4,7.845930199132233
la16,lower_mutation,24,986.7333333333333,7.334064749313741
la16,lower_mutation,25,986.7333333333333,7.334064749313741
la16,lower_mutation,26,986.5666666666667,7.384435324212086
la16,lower_mutation,27,986.5666666666667,7.384435324212086
la16,lower_mutation,28,986.4,7.43059843508235
la16,lower_mutation,29,985.9666666666667,7.289498035475104
la16,lower_mutation,30,985.6333333333333,7.350736924508545
la16,lower_mutation,31,985.6333333333333,7.350736924508545
la16,lower_mutation,32,985.4333333333333,7.195225108904939
la16,lower_mutation,33,985.3333333333334,7.265095264028015
la16,lower_mutation,34,985.3333333333334,7.265095264028015
la16,lower_mutation,35,984.9666666666667,6.935582084481065
la16,lower_mutation,36,984.9666666666667,6.935582084481065
la16,lower_mutation,37,984.5,6.66307374446193
la16,lower_mutation,38,984.5,6.66307374446193
la16,lower_mutation,39,984.5,6.66307374446193
la16,lower_mutation,40,984.0333333333333,6.5362824683261
la16,lower_mutation,41,984.0333333333333,6.5362824683261
la16,lower_mutation,42,983.6,6.2785897823613555
la16,lower_mutation,43,983.6,6.2785897823613555
la16,lower_mutation,44,983.6,6.2785897823613555
la16,lower_mutation,45,983.6,6.2785897823613555
la16,lower_mutation,46,983.6,6.2785897823613555
la16,lower_mutation,47,983.5333333333333,6.317645422003432
la16,lower_mutation,48,983.5333333333333,6.317645422003432
la16,lower_mutation,49,983.5333333333333,6.317645422003432
la16,lower_mutation,50,983.5333333333333,6.317645422003432
la16,lower_mutation,51,983.5333333333333,6.317645422003432
la16,lower_mutation,52,983.5333333333333,6.317645422003432
la16,lower_mutation,53,983.5333333333333,6.317645422003432
la16,lower_mutation,54,983.5333333333333,6.317645422003432
la16,lower_mutation,55,983.5333333333333,6.317645422003432
la16,lower_mutation,56,983.5333333333333,6.317645422003432
la16,lower_mutation,57,983.4,5.968884837798142
la16,lower_mutation,58,982.8333333333334,5.193386599110073
la16,lower_mutation,59,982.8333333333334,5.193386599110073
la16,lower_mutation,60,982.8333333333334,5.193386599110073
la16,lower_mutation,61,982.8333333333334,5.193386599110073
la16,lower_mutation,62,982.8333333333334,5.193386599110073
la16,lower_mutation,63,982.8333333333334,5.193386599110073
la16,lower_mutation,64,982.8333333333334,5.193386599110073
la16,lower_mutation,65,982.8333333333334,5.193386599110073
la16,lower_mutation,66,982.8333333333334,5.193386599110073
la16,lower_mutation,67,982.8333333333334,5.193386599110073
la16,lower_mutation,68,982.8333333333334,5.193386599110073
la16,lower_mutation,69,982.8333333333334,5.193386599110073
la16,lower_mutation,70,982.8333333333334,5.193386599110073
la16,lower_mutation,71,982.8333333333334,5.193386599110073
la16,lower_mutation,72,982.8333333333334,5.193386599110073
la16,lower_mutation,73,982.8333333333334,5.193386599110073
la16,lower_mutation,74,982.8333333333334,5.193386599110073
la16,lower_mutation,75,982.8333333333334,5.193386599110073
la16,lower_mutation,76,982.8333333333334,5.193386599110073
la16,lower_mutation,77,982.8333333333334,5.193386599110073
la16,lower_mutation,78,982.8333333333334,5.193386599110073
la16,lower_mutation,79,982.8333333333334,5.193386599110073
la16,lower_mutation,80,982.8333333333334,5.193386599110073
la16,lower_mutation,81,982.8333333333334,5.193386599110073
la16,lower_mutation,82,982.8333333333334,5.193386599110073
la16,lower_mutation,83,982.8333333333334,5.193386599110073
la16,lower_mutation,84,982.8333333333334,5.193386599110073
la16,lower_mutation,85,982.8333333333334,5.193386599110073
la16,lower_mutation,86,982.8333333333334,5.193386599110073
la16,lower_mutation,87,982.8333333333334,5.193386599110073
la16,lower_mutation,88,982.8333333333334,5.193386599110073
la16,lower_mutation,89,982.5333333333333,4.569262623174579
la16,lower_mutation,90,982.5333333333333,4.569262623174579
la16,lower_mutation,91,982.5333333333333,4.569262623174579
la16,lower_mutation,92,982.5333333333333,4.569262623174579
la16,lower_mutation,93,982.5333333333333,4.569262623174579
la16,lower_mutation,94,982.5333333333333,4.569262623174579
la16,lower_mutation,95,982.5333333333333,4.569262623174579
la16,lower_mutation,96,982.5333333333333,4.569262623174579
la16,lower_mutation,97,982.5333333333333,4.569262623174579
la16,lower_mutation,98,982.5333333333333,4.569262623174579
la16,lower_mutation,99,982.5333333333333,4.569262623174579
la16,lower_mutation,100,982.5333333333333,4.569262623174579
la16,lower_mutation,101,982.5333333333333,4.569262623174579
la16,lower_mutation,102,982.5333333333333,4.569262623174579
la16,lower_mutation,103,982.5333333333333,4.569262623174579
la16,lower_mutation,104,982.5333333333333,4.569262623174579
la16,lower_mutation,105,982.5333333333333,4.569262623174579
la16,lower_mutation,106,982.5,4.531498952733045
la16,lower_mutation,107,982.5,4.531498952733045
la16,lower_mutation,108,982.5,4.531498952733045
la16,lower_mutation,109,982.5,4.531498952733045
la16,lower_mutation,110,982.5,4.531498952733045
la16,lower_mutation,111,982.5,4.531498952733045
la16,lower_mutation,112,982.5,4.531498952733045
la16,lower_mutation,113,982.5,4.531498952733045
la16,lower_mutation,114,982.3333333333334,4.451526923879377
la16,lower_mutation,115,982.3333333333334,4.451526923879377
la16,lower_mutation,116,982.3333333333334,4.451526923879377
la16,lower_mutation,117,982.3333333333334,4.451526923879377
la16,lower_mutation,118,982.3333333333334,4.451526923879377
la16,lower_mutation,119,982.3333333333334,4.451526923879377
la16,lower_mutation,120,982.3333333333334,4.451526923879377
la16,lower_mutation,121,982.3333333333334,4.451526923879377
la16,lower_mutation,122,982.3333333333334,4.451526923879377
la16,lower_mutation,123,982.3333333333334,4.451526923879377
la16,lower_mutation,124,982.3333333333334,4.451526923879377
la16,lower_mutation,125,982.3333333333334,4.451526923879377
la16,lower_mutation,126,982.3333333333334,4.451526923879377
la16,lower_mutation,127,982.3333333333334,4.451526923879377
la16,lower_mutation,128,982.3333333333334,4.451526923879377
la16,lower_mutation,129,982.3333333333334,4.451526923879377
la16,lower_mutation,130,982.3333333333334,4.451526923879377
la16,lower_mutation,131,982.3333333333334,4.451526923879377
la16,lower_mutation,132,982.3333333333334,4.451526923879377
la16,lower_mutation,133,982.3333333333334,4.451526923879377
la16,lower_mutation,134,982.3333333333334,4.451526923879377
la16,lower_mutation,135,982.3333333333334,4.451526923879377
la16,lower_mutation,136,982.3333333333334,4.451526923879377
la16,lower_mutation,137,982.3333333333334,4.451526923879377
la16,lower_mutation,138,982.3333333333334,4.451526923879377
la16,lower_mutation,139,982.3333333333334,4.451526923879377
la16,lower_mutation,140,982.3333333333334,4.451526923879377
la16,lower_mutation,141,982.3333333333334,4.451526923879377
la16,lower_mutation,142,982.3333333333334,4.451526923879377
la16,lower_mutation,143,982.3333333333334,4.451526923879377
la16,lower_mutation,144,982.3333333333334,4.451526923879377
la16,lower_mutation,145,982.3333333333334,4.451526923879377
la16,lower_mutation,146,982.3333333333334,4.451526923879377
la16,lower_mutation,147,982.3333333333334,4.451526923879377
la16,lower_mutation,148,982.3333333333334,4.451526923879377
la16,lower_mutation,149,982.3333333333334,4.451526923879377
la16,lower_mutation,150,982.3333333333334,4.451526923879377
la17,reference,0,889.0333333333333,18.87798084858495
la17,reference,1,876.0666666666667,18.6435406829122
la17,reference,2,870.3333333333334,16.824311910576547
la17,reference,3,862.2333333333333,18.3221805157185
la17,reference,4,855,17.00101416853185
la17,reference,5,852.5,17.606327232580043
la17,reference,6,847.6,16.988028238976877
la17,reference,7,842.6666666666666,16.25090625235985
la17,reference,8,838.5333333333333,15.96706380136253
la17,reference,9,833.5333333333333,15.334732569839806
la17,reference,10,831.7,14.788509052639485
la17,reference,11,829.3333333333334,13.892030296077188
la17,reference,12,828.1666666666666,11.957059185594764
la17,reference,13,825.8666666666667,10.906288389584313
la17,reference,14,823.7666666666667,11.53012047469234
la17,reference,15,823.3333333333334,11.529073693488348
la17,reference,16,822.3,11.356754028725176
la17,reference,17,820.6333333333333,10.726966770338855
la17,reference,18,819.1666666666666,8.55442347090324
la17,reference,19,818.5,8.390265295217901
la17,reference,20,816.3,8.879072644960326
la17,reference,21,816.0333333333333,8.853144126215286
la17,reference,22,815.2,8.066106183625234
la17,reference,23,814.7,7.948758306848288
la17,reference,24,813.8333333333334,8.440801291156047
la17,reference,25,812.4333333333333,8.613074797728414
la17,reference,26,812.0333333333333,8.479115655470833
la17,reference,27,811.4333333333333,8.139657424517678
la17,reference,28,809.8333333333334,7.856836835360097
la17,reference,29,809.7,7.992021883922956
la17,reference,30,808.7666666666667,7.951071640344153
la17,reference,31,807.9666666666667,7.480933619281216
la17,reference,32,807.6666666666666,7.452531776856605
la17,reference,33,807.5,7.435933260074075
la17,reference,34,807.4333333333333,7.46801609316799
la17,reference,35,807.3,7.520775822049028
la17,reference,36,806.7333333333333,7.080489625254269
la17,reference,37,806.4666666666667,6.906934712767798
la17,reference,38,806.2333333333333,7.045092854841115
la17,reference,39,805.9,7.038563724961565
la17,reference,40,805.9,7.038563724961565
la17,reference,41,805.9,7.038563724961565
la17,reference,42,805.8,6.955027950562345
la17,reference,43,805.8,6.955027950562345
la17,reference,44,805.8,6.955027950562345
la17,reference,45,805.6,7.122572181646081
la17,reference,46,805.4,7.078866069335272
la17,reference,47,805.3,7.163846010012528
la17,reference,48,805.2666666666667,7.075617839884511
la17,reference,49,805.0333333333333,7.00976330621765
la17,reference,50,805.0333333333333,7.00976330621765
la17,reference,51,804.8666666666667,6.668160752118379
la17,reference,52,804.8333333333334,6.706061762899004
la17,reference,53,804.4,6.419796967463089
la17,reference,54,804.4,6.419796967463089
la17,reference,55,804.4,6.419796967463089
la17,reference,56,804.2,6.332183803723478
la17,reference,57,804.1333333333333,6.323101232417705
la17,reference,58,804.1333333333333,6.323101232417705
la17,reference,59,804.1333333333333,6.323101232417705
la17,reference,60,804.1333333333333,6.323101232417705
la17,reference,61,804.1333333333333,6.323101232417705
la17,reference,62,804.1333333333333,6.323101232417705
la17,reference,63,804.0666666666667,6.269429569461386
la17,reference,64,804.0666666666667,6.269429569461386
la17,reference,65,803.6333333333333,7.160636329522549
la17,reference,66,803.5666666666667,7.127815031721627
la17,reference,67,803.5666666666667,7.127815031721627
la17,reference,68,803.5333333333333,7.157023718400486
la17,reference,69,803.4,7.108033337782996
la17,reference,70,803.1333333333333,6.553405712816932
la17,reference,71,802.5,7.171543382198745
la17,reference,72,802.2,7.165049269508393
la17,reference,73,802.2,7.165049269508393
la17,reference,74,802.2,7.165049269508393
la17,reference,75,802.2,7.165049269508393
la17,reference,76,802.2,7.165049269508393
la17,reference,77,802.1333333333333,7.166653301243886
la17,reference,78,802.1333333333333,7.166653301243886
la17,reference,79,802.1333333333333,7.166653301243886
la17,reference,80,802.1333333333333,7.166653301243886
la17,reference,81,802.1333333333333,7.166653301243886
la17,reference,82,802.1333333333333,7.166653301243886
la17,reference,83,802.1333333333333,7.166653301243886
la17,reference,84,802.0666666666667,7.109650233083313
la17,reference,85,802.0666666666667,7.109650233083313
la17,reference,86,802.0666666666667,7.109650233083313
la17,reference,87,802.0666666666667,7.109650233083313
la17,reference,88,802.0666666666667,7.109650233083313
la17,reference,89,802.0666666666667,7.109650233083313
la17,reference,90,802.0666666666667,7.109650233083313
la17,reference,91,802.0666666666667,7.109650233083313
la17,reference,92,802.0666666666667,7.109650233083313
la17,reference,93,802.0666666666667,7.109650233083313
la17,reference,94,802.0666666666667,7.109650233083313
la17,reference,95,802.0666666666667,7.109650233083313
la17,reference,96,802.0666666666667,7.109650233083313
la17,reference,97,802.0666666666667,7.109650233083313
la17,reference,98,801.7,7.28792104124683
la17,reference,99,801.7,7.28792104124683
la17,reference,100,801.7,7.28792104124683
la17,reference,101,801.7,7.28792104124683
la17,reference,102,801.7,7.28792104124683
la17,reference,103,801.7,7.28792104124683
la17,reference,104,801.7,7.28792104124683
la17,reference,105,801.5,7.610111241200635
la17,reference,106,801.5,7.610111241200635
la17,reference,107,801.5,7.610111241200635
la17,reference,108,801.4,7.554856852976469
la17,reference,109,801.4,7.554856852976469
la17,reference,110,801.4,7.554856852976469
la17,reference,111,801.4,7.554856852976469
la17,reference,112,801.4,7.554856852976469
la17,reference,113,801.4,7.554856852976469
la17,reference,114,801.4,7.554856852976469
la17,reference,115,801.4,7.554856852976469
la17,reference,116,801.3,7.539093515435576
la17,reference,117,801.2666666666667,7.542675521523414
la17,reference,118,801.2666666666667,7.542675521523414
la17,reference,119,801.2666666666667,7.542675521523414
la17,reference,120,801.2333333333333,7.491067477604442
la17,reference,121,801.2333333333333,7.491067477604442
la17,reference,122,801.2333333333333,7.491067477604442
la17,reference,123,801.2333333333333,7.491067477604442
la17,reference,124,801.2333333333333,7.491067477604442
la17,reference,125,801.2333333333333,7.491067477604442
la17,reference,126,801.2333333333333,7.491067477604442
la17,reference,127,801.2333333333333,7.491067477604442
la17,reference,128,801.2333333333333,7.491067477604442
la17,reference,129,801.1666666666666,7.428200382295851
la17,reference,130,801.1666666666666,7.428200382295851
la17,reference,131,801.1666666666666,7.428200382295851
la17,reference,132,801.1666666666666,7.428200382295851
la17,reference,133,801.1666666666666,7.428200382295851
la17,reference,134,801.0666666666667,7.366903309248472
la17,reference,135,800.8333333333334,7.38163300002963
la17,reference,136,800.8333333333334,7.38163300002963
la17,reference,137,800.8333333333334,7.38163300002963
la17,reference,138,800.8333333333334,7.38163300002963
la17,reference,139,800.8333333333334,7.38163300002963
la17,reference,140,800.8333333333334,7.38163300002963
la17,reference,141,800.8333333333334,7.38163300002963
la17,reference,142,800.8333333333334,7.38163300002963
la17,reference,143,800.8333333333334,7.38163300002963
la17,reference,144,800.8333333333334,7.38163300002963
la17,reference,145,800.8333333333334,7.38163300002963
la17,reference,146,800.8333333333334,7.38163300002963
la17,reference,147,800.8333333333334,7.38163300002963
la17,reference,148,800.8333333333334,7.38163300002963
la17,reference,149,800.8333333333334,7.38163300002963
la17,reference,150,800.8333333333334,7.38163300002963
la17,smaller_population,0,906.2,27.142535647564515
la17,smaller_population,1,890.2333333333333,21.723471071684166
la17,smaller_population,2,883.4333333333333,20.34645327617421
la17,smaller_population,3,878.5,18.90584656879344
la17,smaller_population,4,869.4,18.440210934540442
la17,smaller_population,5,862.1333333333333,16.368037257965934
la17,smaller_population,6,854.3333333333334,16.15513867929107
la17,smaller_population,7,852.4333333333333,14.457269578940586
la17,smaller_population,8,851.7666666666667,14.260346113063589
la17,smaller_population,9,849.8666666666667,14.543000054139883
la17,smaller_population,10,846.5333333333333,13.07467500310358
la17,smaller_population,11,844.0666666666667,13.673365333385556
la17,smaller_population,12,840,14.75080360172122
la17,smaller_population,13,838.6,14.146036364564676
la17,smaller_population,14,837.3333333333334,13.869672530090753
la17,smaller_population,15,836.3333333333334,13.460884157396592
la17,smaller_population,16,836.1,13.455802491477614
la17,smaller_population,17,834.6,13.168928948672038
la17,smaller_population,18,833.1666666666666,13.536880232785604
la17,smaller_population,19,832.6333333333333,13.71252468852229
la17,smaller_population,20,831.8,14.018214751800109
la17,smaller_population,21,831.6333333333333,14.101805541852784
la17,smaller_population,22,830.9666666666667,14.676942586184662
la17,smaller_population,23,830.9333333333333,14.668599663633676
la17,smaller_population,24,830.5,14.917589710091262
la17,smaller_population,25,830.5,14.917589710091262
la17,smaller_population,26,830.4666666666667,14.94295666938068
la17,smaller_population,27,830.4666666666667,14.94295666938068
la17,smaller_population,28,829.1,13.463488301379376
la17,smaller_population,29,829,13.536667954498434
la17,smaller_population,30,829,13.536667954498434
la17,smaller_population,31,828.4333333333333,12.697225690279158
la17,smaller_population,32,828.2666666666667,12.735866631312323
la17,smaller_population,33,827.9333333333333,12.547656281589783
la17,smaller_population,34,827.8333333333334,12.600173324843272
la17,smaller_population,35,827.6666666666666,12.57620449659713
la17,smaller_population,36,826.6,11.047234011749042
la17,smaller_population,37,826.4666666666667,11.202626949725348
la17,smaller_population,38,826.2666666666667,11.227838964649072
la17,smaller_population,39,826.1666666666666,11.371723350223702
la17,smaller_population,40,826.1333333333333,11.385814929516261
la17,smaller_population,41,826.1333333333333,11.385814929516261
la17,smaller_population,42,825.8,11.336240330355837
la17,smaller_population,43,825.5,11.664121232991837
la17,smaller_population,44,825.5,11.664121232991837
la17,smaller_population,45,825.5,11.664121232991837
la17,smaller_population,46,825.4333333333333,11.619494123160479
la17,smaller_population,47,825.4333333333333,11.619494123160479
la17,smaller_population,48,825.0333333333333,11.692860578393429
la17,smaller_population,49,825.0333333333333,11.692860578393429
la17,smaller_population,50,825.0333333333333,11.692860578393429
la17,smaller_population,51,824.9,11.716036754866353
la17,smaller_population,52,824.9,11.716036754866353
la17,smaller_population,53,824.9,11.716036754866353
la17,smaller_population,54,824.8333333333334,11.768113941797404
la17,smaller_population,55,824.7333333333333,11.823218924942836
la17,smaller_population,56,824.7333333333333,11.823218924942836
la17,smaller_population,57,824.7333333333333,11.823218924942836
la17,smaller_population,58,824.7333333333333,11.823218924942836
la17,smaller_population,59,824.6666666666666,11.873858081816813
la17,smaller_population,60,824.6666666666666,11.873858081816813
la17,smaller_population,61,824.6666666666666,11.873858081816813
la17,smaller_population,62,824.6666666666666,11.873858081816813
la17,smaller_population,63,823.1333333333333,11.725990387797214
la17,smaller_population,64,823.1,11.751302202235966
la17,smaller_population,65,823.1,11.751302202235966
la17,smaller_population,66,823.1,11.751302202235966
la17,smaller_population,67,823.1,11.751302202235966
la17,smaller_population,68,822.8666666666667,11.86339874930694
la17,smaller_population,69,822.7666666666667,11.909669595965182
la17,smaller_population,70,822.7666666666667,11.909669595965182
la17,smaller_population,71,822.7666666666667,11.909669595965182
la17,smaller_population,72,822.4666666666667,12.221330514319211
la17,smaller_population,73,822.4333333333333,12.246557104735201
la17,smaller_population,74,822.4333333333333,12.246557104735201
la17,smaller_population,75,822.0666666666667,12.38445447501335
la17,smaller_population,76,822.0666666666667,12.38445447501335
la17,smaller_population,77,822.0666666666667,12.38445447501335
la17,smaller_population,78,822.0666666666667,12.38445447501335
la17,smaller_population,79,822.0666666666667,12.38445447501335
la17,smaller_population,80,822.0666666666667,12.38445447501335
la17,smaller_population,81,822.0666666666667,12.38445447501335
la17,smaller_population,82,822.0666666666667,12.38445447501335
la17,smaller_population,83,822.0666666666667,12.38445447501335
la17,smaller_population,84,822.0666666666667,12.38445447501335
la17,smaller_population,85,822.0666666666667,12.38445447501335
la17,smaller_population,86,822.0666666666667,12.38445447501335
la17,smaller_population,87,822,12.440201794571307
la17,smaller_population,88,822,12.440201794571307
la17,smaller_population,89,822,12.440201794571307
la17,smaller_population,90,822,12.440201794571307
la17,smaller_population,91,822,12.440201794571307
la17,smaller_population,92,822,12.440201794571307
la17,smaller_population,93,822,12.440201794571307
la17,smaller_population,94,821.7333333333333,12.765614734129723
la17,smaller_population,95,821.6666666666666,12.871602888511603
la17,smaller_population,96,821.6666666666666,12.871602888511603
la17,smaller_population,97,821.6,12.821318453909166
la17,smaller_population,98,821.6,12.821318453909166
la17,smaller_population,99,821.4333333333333,12.740603930181141
la17,smaller_population,100,821.4333333333333,12.740603930181141
la17,smaller_population,101,821.4333333333333,12.740603930181141
la17,smaller_population,102,821.4333333333333,12.740603930181141
la17,smaller_population,103,821.4333333333333,12.740603930181141
la17,smaller_population,104,821.4333333333333,12.740603930181141
la17,smaller_population,105,821.4333333333333,12.740603930181141
la17,smaller_population,106,821.4333333333333,12.740603930181141
la17,smaller_population,107,821.4333333333333,12.740603930181141
la17,smaller_population,108,821.4333333333333,12.740603930181141
la17,smaller_population,109,821.4333333333333,12.740603930181141
la17,smaller_population,110,821.2666666666667,12.53390803280097
la17,smaller_population,111,821.2666666666667,12.53390803280097
la17,smaller_population,112,821.2666666666667,12.53390803280097
la17,smaller_population,113,821.2666666666667,12.53390803280097
la17,smaller_population,114,821.2666666666667,12.53390803280097
la17,smaller_population,115,821.2666666666667,12.53390803280097
la17,smaller_population,116,821.2666666666667,12.53390803280097
la17,smaller_population,117,821.2666666666667,12.53390803280097
la17,smaller_population,118,821.2666666666667,12.53390803280097
la17,smaller_population,119,821.2666666666667,12.53390803280097
la17,smaller_population,120,820.9333333333333,12.673440415057902
la17,smaller_population,121,820.9333333333333,12.673440415057902
la17,smaller_population,122,820.9333333333333,12.673440415057902
la17,smaller_population,123,820.9333333333333,12.673440415057902
la17,smaller_population,124,820.9333333333333,12.673440415057902
la17,smaller_population,125,820.9333333333333,12.673440415057902
la17,smaller_population,126,820.6666666666666,12.471576880453307
la17,smaller_population,127,820.6666666666666,12.471576880453307
la17,smaller_population,128,820.6666666666666,12.471576880453307
la17,smaller_population,129,820.6666666666666,12.471576880453307
la17,smaller_population,130,820.6666666666666,12.471576880453307
la17,smaller_population,131,820.6666666666666,12.471576880453307
la17,smaller_population,132,820.6666666666666,12.471576880453307
la17,smaller_population,133,820.6666666666666,12.471576880453307
la17,smaller_population,134,820.6666666666666,12.471576880453307
la17,smaller_population,135,820.6666666666666,12.471576880453307
la17,smaller_population,136,820.6666666666666,12.471576880453307
la17,smaller_population,137,820.5333333333333,12.708219803525301
la17,smaller_population,138,820.5333333333333,12.708219803525301
la17,smaller_population,139,820.5333333333333,12.708219803525301
la17,smaller_population,140,820.4333333333333,12.813471718127932
la17,smaller_population,141,820.4333333333333,12.813471718127932
la17,smaller_population,142,820.4333333333333,12.813471718127932
la17,smaller_population,143,820.4333333333333,12.813471718127932
la17,smaller_population,144,820.2333333333333,13.058709165054227
la17,smaller_population,145,820.2333333333333,13.058709165054227
la17,smaller_population,146,820.2333333333333,13.058709165054227
la17,smaller_population,147,820.1333333333333,13.182363697140136
la17,smaller_population,148,819.9,13.15517467347565
la17,smaller_population,149,819.9,13.15517467347565
la17,smaller_population,150,819.9,13.15517467347565
la17,lower_mutation,0,889.0333333333333,18.87798084858495
la17,lower_mutation,1,880,16.444263227747488
la17,lower_mutation,2,869.5,16.672814957909466
la17,lower_mutation,3,857.7333333333333,12.364948605756052
la17,lower_mutation,4,854.7,12.275992831539126
la17,lower_mutation,5,848.7666666666667,13.140312632960983
la17,lower_mutation,6,844.7,12.407311526287426
la17,lower_mutation,7,842.8666666666667,11.90112522449854
la17,lower_mutation,8,840.2333333333333,11.23321225078848
la17,lower_mutation,9,835.9333333333333,11.10741701043398
la17,lower_mutation,10,833.2333333333333,11.898082526865073
la17,lower_mutation,11,828.7666666666667,12.073577115661129
la17,lower_mutation,12,826.5333333333333,10.503639216081691
la17,lower_mutation,13,824.5333333333333,9.807573897102506
la17,lower_mutation,14,822.3666666666667,9.568206452237728
la17,lower_mutation,15,821.4333333333333,9.57253014272263
la17,lower_mutation,16,820.8333333333334,9.214244345065671
la17,lower_mutation,17,819.2,9.222910005281264
la17,lower_mutation,18,818,9.362434107313819
la17,lower_mutation,19,817.8666666666667,9.317145238875417
la17,lower_mutation,20,816.6333333333333,9.466759753468187
la17,lower_mutation,21,814.8666666666667,9.936811857183242
la17,lower_mutation,22,813.3,9.920894008658417
la17,lower_mutation,23,812.5,9.814661797886698
la17,lower_mutation,24,812.1666666666666,9.899785206075775
la17,lower_mutation,25,811.9,9.760405587954802
la17,lower_mutation,26,811.3666666666667,9.215741156167054
la17,lower_mutation,27,811.3666666666667,9.215741156167054
la17,lower_mutation,28,810.9333333333333,9.093132434494967
la17,lower_mutation,29,809.7,8.481826413594234
la17,lower_mutation,30,809.5,8.224228294161268
la17,lower_mutation,31,808.6333333333333,8.121845099242657
la17,lower_mutation,32,808.4,8.13082682312114
la17,lower_mutation,33,808.3666666666667,8.036482904309842
la17,lower_mutation,34,808.3333333333334,8.082903768654761
la17,lower_mutation,35,808.2666666666667,7.9824520186397026
la17,lower_mutation,36,807.9,7.720773589970515
la17,lower_mutation,37,807.9,7.720773589970515
la17,lower_mutation,38,807.5333333333333,7.942610242940564
la17,lower_mutation,39,807.4,7.968039606604236
la17,lower_mutation,40,806.8,7.932473632545808
la17,lower_mutation,41,806.8,7.932473632545808
la17,lower_mutation,42,806.8,7.932473632545808
la17,lower_mutation,43,806.6666666666666,7.997125920510802
la17,lower_mutation,44,806.6666666666666,7.997125920510802
la17,lower_mutation,45,806.2666666666667,7.891214378523504
la17,lower_mutation,46,806.1666666666666,7.900603788944555
la17,lower_mutation,47,806.0666666666667,7.934791713726951
la17,lower_mutation,48,806.0333333333333,7.884875672311903
la17,lower_mutation,49,805.5333333333333,7.784747834745498
la17,lower_mutation,50,805.1333333333333,8.122906449996965
la17,lower_mutation,51,805.1333333333333,8.122906449996965
la17,lower_mutation,52,804.3666666666667,8.049344943719861
la17,lower_mutation,53,804.3666666666667,8.049344943719861
la17,lower_mutation,54,804.3666666666667,8.049344943719861
la17,lower_mutation,55,804.2333333333333,8.173478275889451
la17,lower_mutation,56,803.9333333333333,7.838601798849049
la17,lower_mutation,57,803.8333333333334,7.9484690928216
la17,lower_mutation,58,803.8333333333334,7.9484690928216
la17,lower_mutation,59,803.5666666666667,8.041630188708881
la17,lower_mutation,60,803.5666666666667,8.041630188708881
la17,lower_mutation,61,803.5666666666667,8.041630188708881
la17,lower_mutation,62,803.5666666666667,8.041630188708881
la17,lower_mutation,63,803.5666666666667,8.041630188708881
la17,lower_mutation,64,803.5666666666667,8.041630188708881
la17,lower_mutation,65,803.5666666666667,8.041630188708881
la17,lower_mutation,66,803.5666666666667,8.041630188708881
la17,lower_mutation,67,803.5666666666667,8.041630188708881
la17,lower_mutation,68,803.5666666666667,8.041630188708881
la17,lower_mutation,69,803.5666666666667,8.041630188708881
la17,lower_mutation,70,803.5666666666667,8.041630188708881
la17,lower_mutation,71,803.4666666666667,8.144104418633715
la17,lower_mutation,72,803.4,8.189985474282938
la17,lower_mutation,73,803.3333333333334,8.276819867946672
la17,lower_mutation,74,803.3333333333334,8.276819867946672
la17,lower_mutation,75,803.3333333333334,8.276819867946672
la17,lower_mutation,76,803.0666666666667,7.873715914284092
la17,lower_mutation,77,803.0666666666667,7.873715914284092
la17,lower_mutation,78,802.9666666666667,7.9458656928742135
la17,lower_mutation,79,802.9666666666667,7.9458656928742135
la17,lower_mutation,80,802.5,7.9209456070815705
la17,lower_mutation,81,802.5,7.9209456070815705
la17,lower_mutation,82,802.2333333333333,8.257424384834799
la17,lower_mutation,83,802.0333333333333,8.507535537365696
la17,lower_mutation,84,802.0333333333333,8.507535537365696
la17,lower_mutation,85,801.9333333333333,8.549786580652913
la17,lower_mutation,86,801.9333333333333,8.549786580652913
la17,lower_mutation,87,801.9333333333333,8.549786580652913
la17,lower_mutation,88,801.9333333333333,8.549786580652913
la17,lower_mutation,89,801.9333333333333,8.549786580652913
la17,lower_mutation,90,801.9333333333333,8.549786580652913
la17,lower_mutation,91,801.9333333333333,8.549786580652913
la17,lower_mutation,92,801.9333333333333,8.549786580652913
la17,lower_mutation,93,801.9333333333333,8.549786580652913
la17,lower_mutation,94,801.8,8.563756829481017
la17,lower_mutation,95,801.8,8.563756829481017
la17,lower_mutation,96,801.8,8.563756829481017
la17,lower_mutation,97,801.8,8.563756829481017
la17,lower_mutation,98,801.8,8.563756829481017
la17,lower_mutation,99,801.8,8.563756829481017
la17,lower_mutation,100,801.8,8.563756829481017
la17,lower_mutation,101,801.7333333333333,8.665959299160864
la17,lower_mutation,102,801.7333333333333,8.665959299160864
la17,lower_mutation,103,801.7333333333333,8.665959299160864
la17,lower_mutation,104,801.7333333333333,8.665959299160864
la17,lower_mutation,105,801.7333333333333,8.665959299160864
la17,lower_mutation,106,801.7333333333333,8.665959299160864
la17,lower_mutation,107,801.6,8.59671148031979
la17,lower_mutation,108,801.6,8.59671148031979
la17,lower_mutation,109,801.6,8.59671148031979
la17,lower_mutation,110,801.6,8.59671148031979
la17,lower_mutation,111,801.6,8.59671148031979
la17,lower_mutation,112,801.6,8.59671148031979
la17,lower_mutation,113,801.6,8.59671148031979
la17,lower_mutation,114,801.6,8.59671148031979
la17,lower_mutation,115,801.6,8.59671148031979
la17,lower_mutation,116,801.6,8.59671148031979
la17,lower_mutation,117,801.2666666666667,9.081748780908896
la17,lower_mutation,118,801.2666666666667,9.081748780908896
la17,lower_mutation,119,801.2666666666667,9.081748780908896
la17,lower_mutation,120,801.2666666666667,9.081748780908896
la17,lower_mutation,121,801.2666666666667,9.081748780908896
la17,lower_mutation,122,801.2666666666667,9.081748780908896
la17,lower_mutation,123,801.2666666666667,9.081748780908896
la17,lower_mutation,124,801.2666666666667,9.081748780908896
la17,lower_mutation,125,801.2666666666667,9.081748780908896
la17,lower_mutation,126,801.2666666666667,9.081748780908896
la17,lower_mutation,127,801.2666666666667,9.081748780908896
la17,lower_mutation,128,801.2666666666667,9.081748780908896
la17,lower_mutation,129,801.2666666666667,9.081748780908896
la17,lower_mutation,130,801.2666666666667,9.081748780908896
la17,lower_mutation,131,801.2666666666667,9.081748780908896
la17,lower_mutation,132,801.2333333333333,9.118693695516024
la17,lower_mutation,133,801.2333333333333,9.118693695516024
la17,lower_mutation,134,801.2333333333333,9.118693695516024
la17,lower_mutation,135,801.2333333333333,9.118693695516024
la17,lower_mutation,136,801.2333333333333,9.118693695516024
la17,lower_mutation,137,801.2333333333333,9.118693695516024
la17,lower_mutation,138,801.2333333333333,9.118693695516024
la17,lower_mutation,139,801.2333333333333,9.118693695516024
la17,lower_mutation,140,801.2333333333333,9.118693695516024
la17,lower_mutation,141,801.2333333333333,9.118693695516024
la17,lower_mutation,142,801.2333333333333,9.118693695516024
la17,lower_mutation,143,801.1666666666666,9.217985917097948
la17,lower_mutation,144,801.1666666666666,9.217985917097948
la17,lower_mutation,145,801.1666666666666,9.217985917097948
la17,lower_mutation,146,801.1666666666666,9.217985917097948
la17,lower_mutation,147,801.1666666666666,9.217985917097948
la17,lower_mutation,148,801.1666666666666,9.217985917097948
la17,lower_mutation,149,801.1666666666666,9.217985917097948
la17,lower_mutation,150,801.1666666666666,9.217985917097948
la31,reference,0,1946.7666666666667,18.598634234865173
la31,reference,1,1929.8333333333333,22.62449593011862
la31,reference,2,1918.0666666666666,22.31581059022617
la31,reference,3,1911.4666666666667,18.86564718418536
la31,reference,4,1907.5333333333333,17.5847373738065
la31,reference,5,1903.4333333333334,17.42111943300001
la31,reference,6,1898.9,16.48269730186257
la31,reference,7,1896.8666666666666,15.466835116006996
la31,reference,8,1893.8666666666666,16.228398551312136
la31,reference,9,1887.5666666666666,16.147345961773265
la31,reference,10,1883.8333333333333,16.71894101029569
la31,reference,11,1879.6333333333334,14.91928475065961
la31,reference,12,1872.4333333333334,15.66168910900502
la31,reference,13,1867.0666666666666,18.478194667253604
la31,reference,14,1863.2,18.755045298210586
la31,reference,15,1860.1333333333334,15.80426248338334
la31,reference,16,1857.3333333333333,14.584671531377076
la31,reference,17,1854.6666666666667,15.532687076487827
la31,reference,18,1852,15.040176081140944
la31,reference,19,1849.7,14.830420739491675
la31,reference,20,1847.6,15.372613355552476
la31,reference,21,1844.8333333333333,16.91985842716783
la31,reference,22,1841.8666666666666,16.769704484747106
la31,reference,23,1840.2,16.371548069956503
la31,reference,24,1837.9666666666667,16.28090341756114
la31,reference,25,1836.7,15.662716547750342
la31,reference,26,1832.5666666666666,16.2982616659978
la31,reference,27,1831.2666666666667,16.14574425262782
la31,reference,28,1830.6,15.187562969927638
la31,reference,29,1829.7666666666667,14.724325014289679
la31,reference,30,1827.1333333333334,14.009192384444145
la31,reference,31,1826.8,13.89467772082236
la31,reference,32,1824.9,15.047854698743032
la31,reference,33,1824.3666666666666,15.619358751757128
la31,reference,34,1823.3,15.026757743301184
la31,reference,35,1822.8333333333333,14.338478092984223
la31,reference,36,1820.6333333333334,15.109903884614846
la31,reference,37,1819.9333333333334,14.388533109996699
la31,reference,38,1818.9333333333334,14.105350741482109
la31,reference,39,1818.2333333333333,13.469463121505964
la31,reference,40,1817.8,12.941246542314442
la31,reference,41,1816.6,12.77281596149443
la31,reference,42,1816.3666666666666,12.70754143000928
la31,reference,43,1816.2,12.557179564722711
la31,reference,44,1815.5666666666666,12.35867232388639
la31,reference,45,1815.5333333333333,12.364390843043592
la31,reference,46,1815,13.085922944536424
la31,reference,47,1814.5666666666666,13.252672686418137
la31,reference,48,1812.2333333333333,13.62979326210842
la31,reference,49,1811.3666666666666,13.20262077779631
la31,reference,50,1810.2,13.105408201881048
la31,reference,51,1808.9666666666667,12.366482323501346
la31,reference,52,1808.0333333333333,12.358114277904503
la31,reference,53,1807.8666666666666,12.21850866607658
la31,reference,54,1807.2,12.172325876404201
la31,reference,55,1806.4333333333334,12.400454200061226
la31,reference,56,1804.7666666666667,13.069267275805357
la31,reference,57,1804.0333333333333,13.189555254673751
la31,reference,58,1802.8,12.565415041788862
la31,reference,59,1801.8666666666666,12.648383659401002
la31,reference,60,1801.2333333333333,11.976077687690958
la31,reference,61,1800.6333333333334,12.217803102181593
la31,reference,62,1800.3666666666666,12.20368325783127
la31,reference,63,1799.6666666666667,12.1693037608151
la31,reference,64,1799.4333333333334,12.082142232217771
la31,reference,65,1799,11.846722229638328
la31,reference,66,1798.8333333333333,11.962825560974249
la31,reference,67,1798.3666666666666,12.332976074353454
la31,reference,68,1797.7333333333333,12.71147549245965
la31,reference,69,1797.4666666666667,12.516839232322834
la31,reference,70,1797.1,12.696320400972004
la31,reference,71,1796.8333333333333,12.622047851043149
la31,reference,72,1796.5666666666666,12.033525964007257
la31,reference,73,1795.9666666666667,11.81023324051656
la31,reference,74,1795.3,11.160737832487476
la31,reference,75,1795,10.763924422138853
la31,reference,76,1794.2666666666667,10.699446757638464
la31,reference,77,1794.2,10.745969573238401
la31,reference,78,1793.8333333333333,10.840802023178318
la31,reference,79,1792.8333333333333,10.485074230027912
la31,reference,80,1792.2666666666667,10.18089262848026
la31,reference,81,1791.6666666666667,9.928479875775453
la31,reference,82,1791.3666666666666,9.827769709922205
la31,reference,83,1791.2,9.71809545694756
la31,reference,84,1790.4666666666667,7.659716990060148
la31,reference,85,1790.0333333333333,7.346044365241198
la31,reference,86,1790.0333333333333,7.346044365241198
la31,reference,87,1789.9666666666667,7.392835923277734
la31,reference,88,1789.9666666666667,7.392835923277734
la31,reference,89,1789.7333333333333,7.206000054233222
la31,reference,90,1789.3333333333333,6.514351971546779
la31,reference,91,1789.3333333333333,6.514351971546779
la31,reference,92,1789.3333333333333,6.514351971546779
la31,reference,93,1789.3333333333333,6.514351971546779
la31,reference,94,1789.3,6.539798583843495
la31,reference,95,1789.2666666666667,6.564971483160657
la31,reference,96,1789.2666666666667,6.564971483160657
la31,reference,97,1788.8666666666666,6.521758454077653
la31,reference,98,1788.7666666666667,6.430977473476938
la31,reference,99,1788.7666666666667,6.430977473476938
la31,reference,100,1788.7666666666667,6.430977473476938
la31,reference,101,1788.7666666666667,6.430977473476938
la31,reference,102,1788.6333333333334,6.354381238133279
la31,reference,103,1788.4666666666667,6.393603124963281
la31,reference,104,1788.4666666666667,6.393603124963281
la31,reference,105,1787.9666666666667,6.161523173379448
la31,reference,106,1787.9666666666667,6.161523173379448
la31,reference,107,1787.9333333333334,6.141623582562274
la31,reference,108,1787.9333333333334,6.141623582562274
la31,reference,109,1787.9333333333334,6.141623582562274
la31,reference,110,1787.8333333333333,6.080400017089015
la31,reference,111,1787.8333333333333,6.080400017089015
la31,reference,112,1787.8333333333333,6.080400017089015
la31,reference,113,1787.8333333333333,6.080400017089015
la31,reference,114,1787.8333333333333,6.080400017089015
la31,reference,115,1787.6666666666667,5.94418483337567
la31,reference,116,1787.4,5.922487827675589
la31,reference,117,1787.4,5.922487827675589
la31,reference,118,1787.4,5.922487827675589
la31,reference,119,1787.4,5.922487827675589
la31,reference,120,1787.4,5.922487827675589
la31,reference,121,1787.4,5.922487827675589
la31,reference,122,1787.3333333333333,5.90343753355989
la31,reference,123,1787.3333333333333,5.90343753355989
la31,reference,124,1787.3333333333333,5.90343753355989
la31,reference,125,1787.3333333333333,5.90343753355989
la31,reference,126,1787.2,5.689676071017
la31,reference,127,1787.2,5.689676071017
la31,reference,128,1787.2,5.689676071017
la31,reference,129,1787.2,5.689676071017
la31,reference,130,1787.1666666666667,5.669539501663212
la31,reference,131,1787.1,5.671161165538963
la31,reference,132,1787.1,5.671161165538963
la31,reference,133,1787.1,5.671161165538963
la31,reference,134,1787.1,5.671161165538963
la31,reference,135,1787.0666666666666,5.668627111861683
la31,reference,136,1787.0666666666666,5.668627111861683
la31,reference,137,1786.9333333333334,5.656447851686655
la31,reference,138,1786.9333333333334,5.656447851686655
la31,reference,139,1786.9333333333334,5.656447851686655
la31,reference,140,1786.8333333333333,5.681690698674322
la31,reference,141,1786.7,5.6516704884790325
la31,reference,142,1786.7,5.6516704884790325
la31,reference,143,1786.7,5.6516704884790325
la31,reference,144,1786.6333333333334,5.671971823609149
la31,reference,145,1786.6,5.672681054389325
la31,reference,146,1786.5333333333333,5.691695907095755
la31,reference,147,1786.5333333333333,5.691695907095755
la31,reference,148,1786.5333333333333,5.691695907095755
la31,reference,149,1786.5333333333333,5.691695907095755
la31,reference,150,1786.5333333333333,5.691695907095755
la31,smaller_population,0,1964.8,25.976647337494338
la31,smaller_population,1,1957.2,26.727746141287398
la31,smaller_population,2,1946.8666666666666,23.733772435560862
la31,smaller_population,3,1936.9333333333334,24.248616502779093
la31,smaller_population,4,1925.6666666666667,23.342034502430238
la31,smaller_population,5,1920.1333333333334,24.657283086248622
la31,smaller_population,6,1914,25.93892029763183
la31,smaller_population,7,1909.2,24.70990308246529
la31,smaller_population,8,1904.9333333333334,23.066520496513814
la31,smaller_population,9,1900.8666666666666,24.08996547904561
la31,smaller_population,10,1897.4,22.824064735153613
la31,smaller_population,11,1895.8,20.383225016394377
la31,smaller_population,12,1894.4666666666667,19.824633463295683
la31,smaller_population,13,1891.7666666666667,19.533672665837624
la31,smaller_population,14,1888.9,20.112356812460447
la31,smaller_population,15,1885.5,20.16954002518615
la31,smaller_population,16,1884.8666666666666,19.899286650415444
la31,smaller_population,17,1883.2666666666667,20.180108562869414
la31,smaller_population,18,1879.7,22.858108046123938
la31,smaller_population,19,1878.3,23.102694274881028
la31,smaller_population,20,1877.6,22.994152180125248
la31,smaller_population,21,1874.4333333333334,21.968132614646894
la31,smaller_population,22,1873.5,22.034064536530703
la31,smaller_population,23,1872.2666666666667,22.717050156569446
la31,smaller_population,24,1869.8666666666666,23.07220051884105
la31,smaller_population,25,1869.8333333333333,23.130936640894106
la31,smaller_population,26,1868.7666666666667,24.168493787450284
la31,smaller_population,27,1866.5333333333333,24.174271494687293
la31,smaller_population,28,1865.7,24.593453011614347
la31,smaller_population,29,1864.6,25.08275956879958
la31,smaller_population,30,1864,25.15195200486778
la31,smaller_population,31,1863.2333333333333,26.143744993761903
la31,smaller_population,32,1862.8,25.82220375755237
la31,smaller_population,33,1861.9333333333334,26.052908148391147
la31,smaller_population,34,1860.7,26.432934002868468
la31,smaller_population,35,1860.7,26.432934002868468
la31,smaller_population,36,1859.3,27.5482648555535
la31,smaller_population,37,1859.0666666666666,27.632980461676627
la31,smaller_population,38,1857.9666666666667,28.470775498241427
la31,smaller_population,39,1857.9666666666667,28.470775498241427
la31,smaller_population,40,1856.9666666666667,28.63261142092368
la31,smaller_population,41,1856.3666666666666,28.661500470062663
la31,smaller_population,42,1855.7666666666667,28.48917923235651
la31,smaller_population,43,1855.7666666666667,28.48917923235651
la31,smaller_population,44,1854.6333333333334,28.731195749488087
la31,smaller_population,45,1853.5,28.877565567468604
la31,smaller_population,46,1852.7,29.108773413786647
la31,smaller_population,47,1852.3666666666666,28.776766650382644
la31,smaller_population,48,1851.1666666666667,28.68867772981281
la31,smaller_population,49,1851.1666666666667,28.68867772981281
la31,smaller_population,50,1850.5666666666666,28.381250893835716
la31,smaller_population,51,1850.2,28.59515271196658
la31,smaller_population,52,1849.7333333333333,28.862257102615366
la31,smaller_population,53,1849.6666666666667,28.816103416179537
la31,smaller_population,54,1849.3,28.941260368617982
la31,smaller_population,55,1849.0666666666666,28.88136654199959
la31,smaller_population,56,1848.7333333333333,28.68609339075275
la31,smaller_population,57,1848.7,28.701976382748665
la31,smaller_population,58,1848.3666666666666,28.350616770440247
la31,smaller_population,59,1848.2333333333333,28.422530321649013
la31,smaller_population,60,1848.0666666666666,28.662041861635764
la31,smaller_population,61,1847.7333333333333,28.76172424610867
la31,smaller_population,62,1847.7,28.78595203363541
la31,smaller_population,63,1846.6333333333334,29.007113673686337
la31,smaller_population,64,1846.4,29.118781710021146
la31,smaller_population,65,1846.3666666666666,29.09968993001452
la31,smaller_population,66,1845.6333333333334,29.71529657558061
la31,smaller_population,67,1844.6333333333334,30.194179997925534
la31,smaller_population,68,1844.4333333333334,30.334552204891114
la31,smaller_population,69,1843.5666666666666,30.230931103793328
la31,smaller_population,70,1842.9666666666667,30.637461105458883
la31,smaller_population,71,1842.9666666666667,30.637461105458883
la31,smaller_population,72,1842,30.7043746181168
la31,smaller_population,73,1842,30.7043746181168
la31,smaller_population,74,1841.6666666666667,30.57870944406202
la31,smaller_population,75,1841.6666666666667,30.57870944406202
la31,smaller_population,76,1841.2666666666667,30.28591721591399
la31,smaller_population,77,1841.2666666666667,30.28591721591399
la31,smaller_population,78,1841.2666666666667,30.28591721591399
la31,smaller_population,79,1841.1666666666667,30.36681870333011
la31,smaller_population,80,1841.1666666666667,30.36681870333011
la31,smaller_population,81,1840.8666666666666,30.063993050839397
la31,smaller_population,82,1840.8666666666666,30.063993050839397
la31,smaller_population,83,1840.8333333333333,30.095346568156867
la31,smaller_population,84,1840.8333333333333,30.095346568156867
la31,smaller_population,85,1840.7,29.988676023712223
la31,smaller_population,86,1840.4666666666667,29.84411607616845
la31,smaller_population,87,1840.4666666666667,29.84411607616845
la31,smaller_population,88,1840.4666666666667,29.84411607616845
la31,smaller_population,89,1840.0666666666666,29.875527216047278
la31,smaller_population,90,1839.9333333333334,29.921660166615702
la31,smaller_population,91,1839.9333333333334,29.921660166615702
la31,smaller_population,92,1838.9333333333334,27.33563208724458
la31,smaller_population,93,1838.9333333333334,27.33563208724458
la31,smaller_population,94,1838.8666666666666,27.365638324722852
la31,smaller_population,95,1838.8666666666666,27.365638324722852
la31,smaller_population,96,1838.8666666666666,27.365638324722852
la31,smaller_population,97,1838.8666666666666,27.365638324722852
la31,smaller_population,98,1838.3666666666666,27.705947741051652
la31,smaller_population,99,1838.0666666666666,27.54423819006916
la31,smaller_population,100,1838.0333333333333,27.519877873292234
la31,smaller_population,101,1838,27.54432165024969
la31,smaller_population,102,1837.8666666666666,27.653936968993357
la31,smaller_population,103,1837.5666666666666,27.588957477814265
la31,smaller_population,104,1837.5666666666666,27.588957477814265
la31,smaller_population,105,1837.3333333333333,27.693312193197205
la31,smaller_population,106,1836.8666666666666,28.181350318022847
la31,smaller_population,107,1836.8666666666666,28.181350318022847
la31,smaller_population,108,1836.8666666666666,28.181350318022847
la31,smaller_population,109,1836.8666666666666,28.181350318022847
la31,smaller_population,110,1836.8333333333333,28.157296271718515
la31,smaller_population,111,1836.8333333333333,28.157296271718515
la31,smaller_population,112,1836.8333333333333,28.157296271718515
la31,smaller_population,113,1836.8333333333333,28.157296271718515
la31,smaller_population,114,1836.6666666666667,28.263944783286068
la31,smaller_population,115,1836.6666666666667,28.263944783286068
la31,smaller_population,116,1836.6666666666667,28.263944783286068
la31,smaller_population,117,1836.6666666666667,28.263944783286068
la31,smaller_population,118,1836.6666666666667,28.263944783286068
la31,smaller_population,119,1836.6666666666667,28.263944783286068
la31,smaller_population,120,1836.6666666666667,28.263944783286068
la31,smaller_population,121,1836.6666666666667,28.263944783286068
la31,smaller_population,122,1836.6666666666667,28.263944783286068
la31,smaller_population,123,1836.6666666666667,28.263944783286068
la31,smaller_population,124,1836.6666666666667,28.263944783286068
la31,smaller_population,125,1836.6666666666667,28.263944783286068
la31,smaller_population,126,1836.6666666666667,28.263944783286068
la31,smaller_population,127,1836.6333333333334,28.26534777881693
la31,smaller_population,128,1836.6333333333334,28.26534777881693
la31,smaller_population,129,1836.6333333333334,28.26534777881693
la31,smaller_population,130,1836.6333333333334,28.26534777881693
la31,smaller_population,131,1836.6333333333334,28.26534777881693
la31,smaller_population,132,1836.6333333333334,28.26534777881693
la31,smaller_population,133,1836.3,28.441288588102406
la31,smaller_population,134,1836.3,28.441288588102406
la31,smaller_population,135,1836.3,28.441288588102406
la31,smaller_population,136,1836.2333333333333,28.381250893835716
la31,smaller_population,137,1835.9,28.578204861457767
la31,smaller_population,138,1835.5,28.311993315858942
la31,smaller_population,139,1835.4666666666667,28.36186528243251
la31,smaller_population,140,1835.4666666666667,28.36186528243251
la31,smaller_population,141,1835.4666666666667,28.36186528243251
la31,smaller_population,142,1835.4666666666667,28.36186528243251
la31,smaller_population,143,1835.4666666666667,28.36186528243251
la31,smaller_population,144,1835.4666666666667,28.36186528243251
la31,smaller_population,145,1835.4666666666667,28.36186528243251
la31,smaller_population,146,1835.3,28.494585087527504
la31,smaller_population,147,1834.7666666666667,28.12004234721554
la31,smaller_population,148,1834.7666666666667,28.12004234721554
la31,smaller_population,149,1834.7666666666667,28.12004234721554
la31,smaller_population,150,1834.7666666666667,28.12004234721554
la31,lower_mutation,0,1946.7666666666667,18.598634234865173
la31,lower_mutation,1,1925.9666666666667,21.27080455546479
la31,lower_mutation,2,1913.2666666666667,25.7600778181162
la31,lower_mutation,3,1907.4,25.060753765805703
la31,lower_mutation,4,1902.6,23.191258757528033
la31,lower_mutation,5,1897.0666666666666,22.486675492669956
la31,lower_mutation,6,1891.3,19.813179173608592
la31,lower_mutation,7,1885.5666666666666,16.8557435894719
la31,lower_mutation,8,1883.4333333333334,17.442878861830856
la31,lower_mutation,9,1879.3,16.915917824997525
la31,lower_mutation,10,1876.2666666666667,17.385950200314507
la31,lower_mutation,11,1874.6333333333334,16.026881154492596
la31,lower_mutation,12,1872.6333333333334,15.432798332376928
la31,lower_mutation,13,1869.9,17.48171458489087
la31,lower_mutation,14,1866.8666666666666,19.195425700309226
la31,lower_mutation,15,1864.8,19.432287387321345
la31,lower_mutation,16,1861.4333333333334,19.66913095801841
la31,lower_mutation,17,1859.5333333333333,18.37864828118973
la31,lower_mutation,18,1856.5666666666666,18.71138936460954
la31,lower_mutation,19,1854.7,19.237445525454454
la31,lower_mutation,20,1851.9666666666667,18.310508257382647
la31,lower_mutation,21,1849.4333333333334,16.270733898911732
la31,lower_mutation,22,1848.3,16.26960356001338
la31,lower_mutation,23,1845.7,15.896540504147435
la31,lower_mutation,24,1844.5,16.076862792267008
la31,lower_mutation,25,1841.2666666666667,15.301416056474425
la31,lower_mutation,26,1837.8333333333333,15.19546968180236
la31,lower_mutation,27,1835.3666666666666,14.898468639967396
la31,lower_mutation,28,1833.7666666666667,13.775749139985676
la31,lower_mutation,29,1830.4,13.182014915838144
la31,lower_mutation,30,1827.6,13.042635654942838
la31,lower_mutation,31,1826.4,13.01617031446548
la31,lower_mutation,32,1825.3333333333333,12.203259410087334
la31,lower_mutation,33,1824.6,11.860104087465558
la31,lower_mutation,34,1822.6,11.012845164656119
la31,lower_mutation,35,1821.9333333333334,11.41062219384091
la31,lower_mutation,36,1819.9,10.639386811472638
la31,lower_mutation,37,1819.0666666666666,10.957388731631818
la31,lower_mutation,38,1818.5333333333333,12.187425213445756
la31,lower_mutation,39,1818.4,12.192705563799908
la31,lower_mutation,40,1816.7,12.77160103915904
la31,lower_mutation,41,1815.9,11.911599678319941
la31,lower_mutation,42,1815.5666666666666,11.764010966629899
la31,lower_mutation,43,1814.7,12.323652615726534
la31,lower_mutation,44,1813.4666666666667,11.291538893114287
la31,lower_mutation,45,1813.4666666666667,11.291538893114287
la31,lower_mutation,46,1813.1333333333334,11.72010748842475
la31,lower_mutation,47,1812.5666666666666,11.44004862942803
la31,lower_mutation,48,1812.1666666666667,11.417117618411561
la31,lower_mutation,49,1811.6333333333334,12.024352684085093
la31,lower_mutation,50,1811.4,12.422449089423163
la31,lower_mutation,51,1810.8666666666666,12.087991571385425
la31,lower_mutation,52,1810.1666666666667,11.712308095313247
la31,lower_mutation,53,1809.7333333333333,11.12292858153306
la31,lower_mutation,54,1807.8666666666666,11.816800819561756
la31,lower_mutation,55,1807,11.450041409351412
la31,lower_mutation,56,1806.3,11.25917250588343
la31,lower_mutation,57,1805.6,10.826531905621868
la31,lower_mutation,58,1805.5333333333333,10.79186581718342
la31,lower_mutation,59,1805.2,10.545141061171254
la31,lower_mutation,60,1803.6333333333334,10.38727116709921
la31,lower_mutation,61,1803.0333333333333,10.111391095445645
la31,lower_mutation,62,1802.4,10.14923132812156
la31,lower_mutation,63,1801.8333333333333,10.027834824346073
la31,lower_mutation,64,1801.6,10.216956831491053
la31,lower_mutation,65,1801.5,10.187043833662713
la31,lower_mutation,66,1801.2,10.039233381914762
la31,lower_mutation,67,1800.2333333333333,9.95050971951492
la31,lower_mutation,68,1799.7333333333333,9.765997780241308
la31,lower_mutation,69,1798.4666666666667,9.039123139245133
la31,lower_mutation,70,1798.1666666666667,8.835989624466416
la31,lower_mutation,71,1797.7666666666667,8.684839479323104
la31,lower_mutation,72,1796.8,7.535662339605705
la31,lower_mutation,73,1796.8,7.535662339605705
la31,lower_mutation,74,1796.6333333333334,7.331948667603164
la31,lower_mutation,75,1795.9,7.5946896147787095
la31,lower_mutation,76,1795.0666666666666,7.606409880118729
la31,lower_mutation,77,1794,7.542980294561158
la31,lower_mutation,78,1793.7,7.575596027535641
la31,lower_mutation,79,1793.5666666666666,7.514048145988278
la31,lower_mutation,80,1792.8,7.544808674249764
la31,lower_mutation,81,1792.4333333333334,7.546103508494933
la31,lower_mutation,82,1791.7,7.187872928855887
la31,lower_mutation,83,1791.6333333333334,7.179872889727483
la31,lower_mutation,84,1790.7,6.963698977431165
la31,lower_mutation,85,1790.6333333333334,6.920650424551913
la31,lower_mutation,86,1790.5666666666666,6.891690815674378
la31,lower_mutation,87,1790.1333333333334,6.273828140794891
la31,lower_mutation,88,1789.8666666666666,6.095409993470968
la31,lower_mutation,89,1789.6666666666667,6.019126602545527
la31,lower_mutation,90,1789.6,5.980427847686093
la31,lower_mutation,91,1789.0666666666666,6.068194830898817
la31,lower_mutation,92,1789.0666666666666,6.068194830898817
la31,lower_mutation,93,1788.7666666666667,5.8820787630490505
la31,lower_mutation,94,1788.6666666666667,5.90343753355989
la31,lower_mutation,95,1788.4,5.775095162673169
la31,lower_mutation,96,1788.4,5.775095162673169
la31,lower_mutation,97,1788.4,5.775095162673169
la31,lower_mutation,98,1788.3,5.736453307726311
la31,lower_mutation,99,1788.0666666666666,5.717084700375215
la31,lower_mutation,100,1787.8,5.416450039876927
la31,lower_mutation,101,1787.8,5.416450039876927
la31,lower_mutation,102,1787.6333333333334,5.492837551558948
la31,lower_mutation,103,1787.3,5.546978052709545
la31,lower_mutation,104,1787.3,5.546978052709545
la31,lower_mutation,105,1787.2,5.5609475749223245
la31,lower_mutation,106,1787.1666666666667,5.534115718125995
la31,lower_mutation,107,1786.5,4.826292930218374
la31,lower_mutation,108,1786.5,4.826292930218374
la31,lower_mutation,109,1786.4333333333334,4.8329567827953746
la31,lower_mutation,110,1786.4,4.846612752470925
la31,lower_mutation,111,1786.3666666666666,4.85999385080733
la31,lower_mutation,112,1786.2666666666667,4.704607670500627
la31,lower_mutation,113,1786.2666666666667,4.704607670500627
la31,lower_mutation,114,1786.2666666666667,4.704607670500627
la31,lower_mutation,115,1786.2666666666667,4.704607670500627
la31,lower_mutation,116,1786.1666666666667,4.720339944898281
la31,lower_mutation,117,1786.1666666666667,4.720339944898281
la31,lower_mutation,118,1786.1666666666667,4.720339944898281
la31,lower_mutation,119,1786.1666666666667,4.720339944898281
la31,lower_mutation,120,1786.1666666666667,4.720339944898281
la31,lower_mutation,121,1786.1666666666667,4.720339944898281
la31,lower_mutation,122,1786.1666666666667,4.720339944898281
la31,lower_mutation,123,1786.0333333333333,4.634825692019312
la31,lower_mutation,124,1786.0333333333333,4.634825692019312
la31,lower_mutation,125,1785.9666666666667,4.612451912343169
la31,lower_mutation,126,1785.9666666666667,4.612451912343169
la31,lower_mutation,127,1785.9666666666667,4.612451912343169
la31,lower_mutation,128,1785.9666666666667,4.612451912343169
la31,lower_mutation,129,1785.9666666666667,4.612451912343169
la31,lower_mutation,130,1785.9666666666667,4.612451912343169
la31,lower_mutation,131,1785.9666666666667,4.612451912343169
la31,lower_mutation,132,1785.9666666666667,4.612451912343169
la31,lower_mutation,133,1785.9,4.626386092390265
la31,lower_mutation,134,1785.9,4.626386092390265
la31,lower_mutation,135,1785.9,4.626386092390265
la31,lower_mutation,136,1785.9,4.626386092390265
la31,lower_mutation,137,1785.9,4.626386092390265
la31,lower_mutation,138,1785.9,4.626386092390265
la31,lower_mutation,139,1785.9,4.626386092390265
la31,lower_mutation,140,1785.9,4.626386092390265
la31,lower_mutation,141,1785.9,4.626386092390265
la31,lower_mutation,142,1785.9,4.626386092390265
la31,lower_mutation,143,1785.9,4.626386092390265
la31,lower_mutation,144,1785.9,4.626386092390265
la31,lower_mutation,145,1785.8666666666666,4.6366853003748965
la31,lower_mutation,146,1785.8666666666666,4.6366853003748965
la31,lower_mutation,147,1785.8666666666666,4.6366853003748965
la31,lower_mutation,148,1785.8666666666666,4.6366853003748965
la31,lower_mutation,149,1785.8666666666666,4.6366853003748965
la31,lower_mutation,150,1785.8666666666666,4.6366853003748965
la32,reference,0,2045.7333333333333,19.31219613457335
la32,reference,1,2029.5666666666666,18.68188008949209
la32,reference,2,2023.9333333333334,21.36696343509722
la32,reference,3,2017.5333333333333,18.096929313414268
la32,reference,4,2011.1,21.66094531003063
la32,reference,5,2006.7,20.29124152827078
la32,reference,6,2000.2333333333333,20.20188337640882
la32,reference,7,1995.9666666666667,20.9917608358257
la32,reference,8,1991.7,19.25715272397461
la32,reference,9,1985.8333333333333,20.199152138801193
la32,reference,10,1982.5333333333333,20.088997388917996
la32,reference,11,1978.9,20.484392713175225
la32,reference,12,1977.4333333333334,19.70941195318191
la32,reference,13,1972.0666666666666,17.865268430447777
la32,reference,14,1970.3666666666666,18.19147836371391
la32,reference,15,1965.8333333333333,16.408751519746456
la32,reference,16,1964.2,16.009479950200195
la32,reference,17,1962.4666666666667,16.496046199919697
la32,reference,18,1957.8333333333333,14.13258239167461
la32,reference,19,1952.8666666666666,15.49579104885856
la32,reference,20,1951.9666666666667,16.25122453387974
la32,reference,21,1949.7,15.574404289266322
la32,reference,22,1948.8,15.711625390576021
la32,reference,23,1946.8333333333333,15.578684228741867
la32,reference,24,1943.3666666666666,13.573512068917811
la32,reference,25,1942.4666666666667,12.971409763952714
la32,reference,26,1940.0666666666666,12.334234201333025
la32,reference,27,1939.1333333333334,13.682945169288194
la32,reference,28,1938.4,13.949663201965697
la32,reference,29,1935.6666666666667,14.465972757339618
la32,reference,30,1933.6666666666667,16.511925331738862
la32,reference,31,1932.7666666666667,15.943182162644456
la32,reference,32,1930.5,16.001616297672278
la32,reference,33,1928.1666666666667,16.809445894031363
la32,reference,34,1926.0666666666666,15.229131189322954
la32,reference,35,1925.3333333333333,16.086690436363916
la32,reference,36,1923.8333333333333,15.315269219454414
la32,reference,37,1922.4666666666667,17.04706129661575
la32,reference,38,1920.9666666666667,16.61009940665168
la32,reference,39,1919.6,15.439760584172014
la32,reference,40,1918.4,15.114733620338571
la32,reference,41,1916.8,14.150423412697611
la32,reference,42,1915.8,14.295888002957474
la32,reference,43,1915.6333333333334,14.262280451532318
la32,reference,44,1914.6,14.514202319298063
la32,reference,45,1913.1,15.465980464365586
la32,reference,46,1912,15.283527305453795
la32,reference,47,1911.6,14.99333185119305
la32,reference,48,1909.5333333333333,14.878202833011448
la32,reference,49,1908.9666666666667,14.669892539703104
la32,reference,50,1908.1333333333334,15.760564783625318
la32,reference,51,1906.7666666666667,14.646838739382341
la32,reference,52,1904.8666666666666,15.334732569839806
la32,reference,53,1904.8666666666666,15.334732569839806
la32,reference,54,1904.1,14.914353188606027
la32,reference,55,1903.9,15.052437080717711
la32,reference,56,1903.6333333333334,14.754270762973222
la32,reference,57,1903.0666666666666,14.77867366857726
la32,reference,58,1900.1,16.557840105687614
la32,reference,59,1899.1666666666667,16.603039466923818
la32,reference,60,1898.0666666666666,16.256422249923755
la32,reference,61,1897.3666666666666,16.651567873436967
la32,reference,62,1896.2333333333333,16.705735817239606
la32,reference,63,1895.9333333333334,16.88282811194473
la32,reference,64,1895.3666666666666,16.910481004870675
la32,reference,65,1894.3,16.799322646443528
la32,reference,66,1893,17.035459974762176
la32,reference,67,1892.8,16.985592271910516
la32,reference,68,1892.3666666666666,16.781523775565944
la32,reference,69,1892.3666666666666,16.781523775565944
la32,reference,70,1891.6333333333334,16.73213578166553
la32,reference,71,1891.3,17.12459413060441
la32,reference,72,1890.9,16.698853976783287
la32,reference,73,1890.6,16.55419521783964
la32,reference,74,1890.4666666666667,16.399607508619884
la32,reference,75,1889.1,16.155174253854824
la32,reference,76,1886.7666666666667,15.59328620633392
la32,reference,77,1886.0333333333333,16.787687058722806
la32,reference,78,1884.5,16.635545657126634
la32,reference,79,1883.8666666666666,17.1760324858223
la32,reference,80,1883.1666666666667,16.836092865879117
la32,reference,81,1883.1333333333334,16.829230181613987
la32,reference,82,1882.7,16.318278306750123
la32,reference,83,1882.4,16.22599022003556
la32,reference,84,1881.1333333333334,15.799898151861466
la32,reference,85,1880.9666666666667,15.722777971034152
la32,reference,86,1880.3,15.358138357011356
la32,reference,87,1880.2666666666667,15.368874352097967
la32,reference,88,1879.8333333333333,15.458695429039803
la32,reference,89,1879.4333333333334,14.771088567579046
la32,reference,90,1878.5333333333333,14.903675393334527
la32,reference,91,1878.4,14.852377030235795
la32,reference,92,1875.9666666666667,14.956219634223297
la32,reference,93,1874.3,14.18632172685827
la32,reference,94,1874.1333333333334,14.19259965818353
la32,reference,95,1874.1333333333334,14.19259965818353
la32,reference,96,1874.1333333333334,14.19259965818353
la32,reference,97,1873.4333333333334,13.959753316003766
la32,reference,98,1873.1,13.852299697037735
la32,reference,99,1872.1333333333334,13.900467204585144
la32,reference,100,1871.3666666666666,13.684835133960444
la32,reference,101,1871.3,13.726767206120838
la32,reference,102,1870.9666666666667,13.96666803829582
la32,reference,103,1870.1333333333334,12.955449747535573
la32,reference,104,1869.7666666666667,12.829608356248162
la32,reference,105,1869.5333333333333,13.111546197079921
la32,reference,106,1869.3,13.12052879506268
la32,reference,107,1869.1666666666667,13.02804225727992
la32,reference,108,1869.0666666666666,12.910656740509538
la32,reference,109,1869.0666666666666,12.910656740509538
la32,reference,110,1869.0666666666666,12.910656740509538
la32,reference,111,1868.8666666666666,13.108915979626978
la32,reference,112,1868.8666666666666,13.108915979626978
la32,reference,113,1868.6333333333334,13.40222146623033
la32,reference,114,1868.5333333333333,13.43883547226376
la32,reference,115,1868.3333333333333,13.249159591651747
la32,reference,116,1868.1333333333334,13.095756968373864
la32,reference,117,1868.1333333333334,13.095756968373864
la32,reference,118,1867.8,13.27273586120734
la32,reference,119,1867.2666666666667,12.71147549245965
la32,reference,120,1867.2666666666667,12.71147549245965
la32,reference,121,1866.9666666666667,12.480283300645375
la32,reference,122,1866.6666666666667,12.424484540291964
la32,reference,123,1866.5,12.130753167622903
la32,reference,124,1866,12.42633466085025
la32,reference,125,1865.8,12.293536288747783
la32,reference,126,1864.5,12.408978951577348
la32,reference,127,1863.9,12.1438220422198
la32,reference,128,1863.5666666666666,12.297135448139338
la32,reference,129,1863.5333333333333,12.27201282799911
la32,reference,130,1863.0666666666666,12.378884505850897
la32,reference,131,1862.4333333333334,12.269062109936165
la32,reference,132,1861.8333333333333,11.776901218013615
la32,reference,133,1861.7,11.873325653285415
la32,reference,134,1861.7,11.873325653285415
la32,reference,135,1861.5,11.796405063145004
la32,reference,136,1861.4666666666667,11.723049307132989
la32,reference,137,1861.0333333333333,11.388086131880389
la32,reference,138,1861.0333333333333,11.388086131880389
la32,reference,139,1861.0333333333333,11.388086131880389
la32,reference,140,1860.9666666666667,11.406239470157319
la32,reference,141,1860.9,11.414902540100814
la32,reference,142,1860.9,11.414902540100814
la32,reference,143,1860.2666666666667,10.461533260517768
la32,reference,144,1860.2333333333333,10.424385645780475
la32,reference,145,1860.2333333333333,10.424385645780475
la32,reference,146,1860.2333333333333,10.424385645780475
la32,reference,147,1859.9,10.226234012038132
la32,reference,148,1859.9,10.226234012038132
la32,reference,149,1859.8333333333333,10.259002214483708
la32,reference,150,1859.5333333333333,9.737001355771644
la32,smaller_population,0,2063.133333333333,25.26921710962438
la32,smaller_population,1,2046.2333333333333,18.945808986710478
la32,smaller_population,2,2039.0333333333333,16.945110846766255
la32,smaller_population,3,2035.3666666666666,16.84100769639053
la32,smaller_population,4,2023.6333333333334,21.52381733437817
la32,smaller_population,5,2020.1666666666667,21.157998949338992
la32,smaller_population,6,2013.3333333333333,23.634185254492657
la32,smaller_population,7,2006.6333333333334,22.866152267931522
la32,smaller_population,8,2002.5333333333333,24.269653725465943
la32,smaller_population,9,1999.3,23.598874900124457
la32,smaller_population,10,1993.2333333333333,26.461010137016014
la32,smaller_population,11,1990.9666666666667,27.316135604580236
la32,smaller_population,12,1989.6,27.159300178887094
la32,smaller_population,13,1988.8333333333333,27.061976548519947
la32,smaller_population,14,1985.3333333333333,28.88900677842141
la32,smaller_population,15,1981.9333333333334,25.920213565176653
la32,smaller_population,16,1978.5666666666666,24.79388597233591
la32,smaller_population,17,1977.0666666666666,23.984094346236954
la32,smaller_population,18,1975.6,24.46334344307403
la32,smaller_population,19,1973.8,23.52020408074726
la32,smaller_population,20,1970.9,21.272209489183865
la32,smaller_population,21,1970.5333333333333,21.666330678208325
la32,smaller_population,22,1969.5,21.418248745178605
la32,smaller_population,23,1968.6,21.611937952644727
la32,smaller_population,24,1967.4,22.296744775554277
la32,smaller_population,25,1966.2333333333333,22.84080337576975
la32,smaller_population,26,1965.5,22.76832342804665
la32,smaller_population,27,1964.8666666666666,22.824266175208823
la32,smaller_population,28,1964.8666666666666,22.824266175208823
la32,smaller_population,29,1963.3,23.845985710025882
la32,smaller_population,30,1960.6,24.068293637495152
la32,smaller_population,31,1960.3666666666666,23.87681509017848
la32,smaller_population,32,1960.2333333333333,23.59380885088192
la32,smaller_population,33,1959.2666666666667,23.24076877672796
la32,smaller_population,34,1958.2666666666667,23.479900918156293
la32,smaller_population,35,1957.5666666666666,23.44131827135263
la32,smaller_population,36,1956.5333333333333,23.22859909878239
la32,smaller_population,37,1954.8,22.942807452295447
la32,smaller_population,38,1953.6,22.766581679718858
la32,smaller_population,39,1951.4333333333334,25.59186742230663
la32,smaller_population,40,1951.3,25.52368744303329
la32,smaller_population,41,1950.5666666666666,25.582433807990785
la32,smaller_population,42,1948.4666666666667,24.177124174172025
la32,smaller_population,43,1948.3333333333333,23.95013977834574
la32,smaller_population,44,1947.1666666666667,23.840104335187874
la32,smaller_population,45,1946.6,24.789597373314365
la32,smaller_population,46,1946.6,24.789597373314365
la32,smaller_population,47,1946.4666666666667,24.848136450395454
la32,smaller_population,48,1944.9666666666667,25.436172089658314
la32,smaller_population,49,1944.8,25.48616933919664
la32,smaller_population,50,1943.9333333333334,25.202535905974898
la32,smaller_population,51,1943.6,25.471552759892752
la32,smaller_population,52,1942.8,25.88089429782465
la32,smaller_population,53,1942.5333333333333,25.856011551152534
la32,smaller_population,54,1942.2333333333333,26.006210575663406
la32,smaller_population,55,1942.1333333333334,25.996993636975017
la32,smaller_population,56,1941.7333333333333,26.01979794420916
la32,smaller_population,57,1939.7666666666667,26.50528032406885
la32,smaller_population,58,1938.8333333333333,25.686549993619476
la32,smaller_population,59,1938.0666666666666,25.413726040554696
la32,smaller_population,60,1937.9,25.431924005483534
la32,smaller_population,61,1937.4,25.026330961195857
la32,smaller_population,62,1936.8333333333333,24.97734605781715
la32,smaller_population,63,1935.9666666666667,24.233751518154968
la32,smaller_population,64,1935.6666666666667,23.811520441734217
la32,smaller_population,65,1935.6666666666667,23.811520441734217
la32,smaller_population,66,1935.6666666666667,23.811520441734217
la32,smaller_population,67,1935.5333333333333,23.66975858061015
la32,smaller_population,68,1935.5333333333333,23.66975858061015
la32,smaller_population,69,1934.0333333333333,23.724690083122898
la32,smaller_population,70,1933.8333333333333,23.897891024153132
la32,smaller_population,71,1933.4666666666667,23.41931612614023
la32,smaller_population,72,1932.9666666666667,23.156861399703057
la32,smaller_population,73,1931.9666666666667,23.924426031141067
la32,smaller_population,74,1931.3,22.51765590789163
la32,smaller_population,75,1930.9666666666667,22.79365207053586
la32,smaller_population,76,1929.6,24.06542805740648
la32,smaller_population,77,1929.5666666666666,24.058382055459106
la32,smaller_population,78,1928.8666666666666,24.120006481004065
la32,smaller_population,79,1928.8666666666666,24.120006481004065
la32,smaller_population,80,1928.8333333333333,24.15764794062097
la32,smaller_population,81,1928.8,24.18377911770187
la32,smaller_population,82,1928.8,24.18377911770187
la32,smaller_population,83,1928.8,24.18377911770187
la32,smaller_population,84,1928.8,24.18377911770187
la32,smaller_population,85,1928.3333333333333,23.609368878700987
la32,smaller_population,86,1928.3333333333333,23.609368878700987
la32,smaller_population,87,1928.3333333333333,23.609368878700987
la32,smaller_population,88,1928.1666666666667,23.814054577125223
la32,smaller_population,89,1928.1666666666667,23.814054577125223
la32,smaller_population,90,1928.1666666666667,23.814054577125223
la32,smaller_population,91,1928.1666666666667,23.814054577125223
la32,smaller_population,92,1927.8333333333333,24.089035040769115
la32,smaller_population,93,1927.8333333333333,24.089035040769115
la32,smaller_population,94,1927.8333333333333,24.089035040769115
la32,smaller_population,95,1927.7333333333333,24.05587365844908
la32,smaller_population,96,1927.6666666666667,24.109424875265937
la32,smaller_population,97,1927.5333333333333,23.91181115356338
la32,smaller_population,98,1927.5333333333333,23.91181115356338
la32,smaller_population,99,1927.5333333333333,23.91181115356338
la32,smaller_population,100,1927.5333333333333,23.91181115356338
la32,smaller_population,101,1927.5333333333333,23.91181115356338
la32,smaller_population,102,1927.5333333333333,23.91181115356338
la32,smaller_population,103,1927.5333333333333,23.91181115356338
la32,smaller_population,104,1927.2666666666667,24.180261732894134
la32,smaller_population,105,1927.2666666666667,24.180261732894134
la32,smaller_population,106,1927.2666666666667,24.180261732894134
la32,smaller_population,107,1926.8666666666666,24.448021333564743
la32,smaller_population,108,1926.8666666666666,24.448021333564743
la32,smaller_population,109,1926.8666666666666,24.448021333564743
la32,smaller_population,110,1926.1,23.775313189133374
la32,smaller_population,111,1926.1,23.775313189133374
la32,smaller_population,112,1926.1,23.775313189133374
la32,smaller_population,113,1926.1,23.775313189133374
la32,smaller_population,114,1926.1,23.775313189133374
la32,smaller_population,115,1926.1,23.775313189133374
la32,smaller_population,116,1926.1,23.775313189133374
la32,smaller_population,117,1925.9,24.02635047695299
la32,smaller_population,118,1925.9,24.02635047695299
la32,smaller_population,119,1925.9,24.02635047695299
la32,smaller_population,120,1925.8333333333333,24.000119731502107
la32,smaller_population,121,1925.5333333333333,24.43814617571773
la32,smaller_population,122,1925.5333333333333,24.43814617571773
la32,smaller_population,123,1925.1666666666667,24.621385900841588
la32,smaller_population,124,1925.1666666666667,24.621385900841588
la32,smaller_population,125,1924.2666666666667,24.96747309287983
la32,smaller_population,126,1924.2666666666667,24.96747309287983
la32,smaller_population,127,1924.2666666666667,24.96747309287983
la32,smaller_population,128,1924.2666666666667,24.96747309287983
la32,smaller_population,129,1924.1666666666667,25.04077135163886
la32,smaller_population,130,1923.9666666666667,25.199183529922404
la32,smaller_population,131,1923.9666666666667,25.199183529922404
la32,smaller_population,132,1923.9666666666667,25.199183529922404
la32,smaller_population,133,1923.9666666666667,25.199183529922404
la32,smaller_population,134,1923.9333333333334,25.228518801537682
la32,smaller_population,135,1923.9333333333334,25.228518801537682
la32,smaller_population,136,1923.9333333333334,25.228518801537682
la32,smaller_population,137,1923.6333333333334,24.797779841297714
la32,smaller_population,138,1923.6333333333334,24.797779841297714
la32,smaller_population,139,1923.6333333333334,24.797779841297714
la32,smaller_population,140,1923.6333333333334,24.797779841297714
la32,smaller_population,141,1923.5333333333333,24.67685406280107
la32,smaller_population,142,1923.5333333333333,24.67685406280107
la32,smaller_population,143,1923.5333333333333,24.67685406280107
la32,smaller_population,144,1923.5333333333333,24.67685406280107
la32,smaller_population,145,1923.3666666666666,24.487130093783655
la32,smaller_population,146,1923.3666666666666,24.487130093783655
la32,smaller_population,147,1923.3666666666666,24.487130093783655
la32,smaller_population,148,1923.1666666666667,24.421702238580444
la32,smaller_population,149,1923.1666666666667,24.421702238580444
la32,smaller_population,150,1923.1666666666667,24.421702238580444
la32,lower_mutation,0,2045.7333333333333,19.31219613457335
la32,lower_mutation,1,2031.5,18.975028962769226
la32,lower_mutation,2,2025.5333333333333,16.689317940926564
la32,lower_mutation,3,2017.6333333333334,21.02786875476961
la32,lower_mutation,4,2011.6333333333334,18.02581163380643
la32,lower_mutation,5,2006.2333333333333,20.446200782462782
la32,lower_mutation,6,1999.5333333333333,19.92699318691268
la32,lower_mutation,7,1993.8,16.762848906086216
la32,lower_mutation,8,1988.9333333333334,17.449302591208056
la32,lower_mutation,9,1984.9,15.95111065206692
la32,lower_mutation,10,1982.9,15.799061517304951
la32,lower_mutation,11,1978.6333333333334,15.83641228381569
la32,lower_mutation,12,1977.2666666666667,14.583725774686808
la32,lower_mutation,13,1972.8666666666666,14.62339489177939
la32,lower_mutation,14,1971.4666666666667,14.447845164074035
la32,lower_mutation,15,1968.8333333333333,15.36247854763146
la32,lower_mutation,16,1967.3333333333333,14.35109831993725
la32,lower_mutation,17,1962.9333333333334,14.717883406047997
la32,lower_mutation,18,1960.4,13.119083231216509
la32,lower_mutation,19,1957.7666666666667,13.226627618592714
la32,lower_mutation,20,1956.4,14.204418933605814
la32,lower_mutation,21,1951.8666666666666,16.346956551778902
la32,lower_mutation,22,1950,15.800480132381836
la32,lower_mutation,23,1944.1333333333334,16.687251655563056
la32,lower_mutation,24,1941.4,18.69464241895024
la32,lower_mutation,25,1939.5666666666666,18.136804519013804
la32,lower_mutation,26,1938.9333333333334,17.878774418640774
la32,lower_mutation,27,1937.9666666666667,17.57443938053871
la32,lower_mutation,28,1936.8,17.767463483026766
la32,lower_mutation,29,1935.4666666666667,16.816931807030045
la32,lower_mutation,30,1934.8,17.04638701733677
la32,lower_mutation,31,1934.3,16.803427400795144
la32,lower_mutation,32,1931.4,16.49785775016949
la32,lower_mutation,33,1930.5333333333333,16.412218605058545
la32,lower_mutation,34,1928.1666666666667,15.889886901646797
la32,lower_mutation,35,1926.3,16.55534084049095
la32,lower_mutation,36,1925.0666666666666,16.588183025634663
la32,lower_mutation,37,1923.0333333333333,16.93696901869487
la32,lower_mutation,38,1922.2666666666667,16.608957561038196
la32,lower_mutation,39,1918.7333333333333,15.174691574058963
la32,lower_mutation,40,1918.2666666666667,15.473967757524878
la32,lower_mutation,41,1917.1,15.796878783808681
la32,lower_mutation,42,1915,15.462970228124416
la32,lower_mutation,43,1914,16.580004575516195
la32,lower_mutation,44,1912.2666666666667,17.762675577687077
la32,lower_mutation,45,1912.2666666666667,17.762675577687077
la32,lower_mutation,46,1910.2333333333333,17.729156452176372
la32,lower_mutation,47,1909.5333333333333,16.512760652532215
la32,lower_mutation,48,1909.0333333333333,16.564364186999157
la32,lower_mutation,49,1908.6666666666667,16.398766424029738
la32,lower_mutation,50,1908,16.218337854374003
la32,lower_mutation,51,1907.6,16.363542319478974
la32,lower_mutation,52,1906.2,16.25529091584093
la32,lower_mutation,53,1905.5333333333333,16.470942718101732
la32,lower_mutation,54,1904.9,16.93669755701893
la32,lower_mutation,55,1904.3,17.178876363238903
la32,lower_mutation,56,1902.8333333333333,16.31391057229748
la32,lower_mutation,57,1902,16.38754783785332
la32,lower_mutation,58,1901.6,16.483220308062922
la32,lower_mutation,59,1900.6666666666667,17.209326527793873
la32,lower_mutation,60,1900.4666666666667,17.204116053880895
la32,lower_mutation,61,1899.6666666666667,17.497454658899102
la32,lower_mutation,62,1898.8333333333333,17.81917474255604
la32,lower_mutation,63,1897.8666666666666,17.806882306323708
la32,lower_mutation,64,1897.3666666666666,17.428639397967007
la32,lower_mutation,65,1895.3,16.756162016322275
la32,lower_mutation,66,1894.4,17.19582948636494
la32,lower_mutation,67,1893.5333333333333,18.089305915533274
la32,lower_mutation,68,1892.8666666666666,18.20332166227444
la32,lower_mutation,69,1892.2333333333333,18.637528571792124
la32,lower_mutation,70,1892.1666666666667,18.60122972081246
la32,lower_mutation,71,1891.9333333333334,18.530372706550676
la32,lower_mutation,72,1890.8333333333333,18.726863119563046
la32,lower_mutation,73,1890.6333333333334,18.240695943569346
la32,lower_mutation,74,1890.5333333333333,18.110262538003205
la32,lower_mutation,75,1889.9666666666667,18.1078823250774
la32,lower_mutation,76,1889.7333333333333,18.2037005205996
la32,lower_mutation,77,1889.1666666666667,18.58453812908097
la32,lower_mutation,78,1888.5333333333333,18.248728502392243
la32,lower_mutation,79,1887.9333333333334,18.444573696634322
la32,lower_mutation,80,1887.7,18.461796527816105
la32,lower_mutation,81,1887.3333333333333,18.289498274322256
la32,lower_mutation,82,1887.0333333333333,18.284124135497954
la32,lower_mutation,83,1886.5666666666666,18.68372578463413
la32,lower_mutation,84,1885.5333333333333,17.421218400981967
la32,lower_mutation,85,1884.8333333333333,18.160364824934344
la32,lower_mutation,86,1884,18.230327138759932
la32,lower_mutation,87,1883.7,17.9926230094064
la32,lower_mutation,88,1882.1,15.803426079874862
la32,lower_mutation,89,1881.8666666666666,16.00804395497363
la32,lower_mutation,90,1881.5333333333333,16.23689568880688
la32,lower_mutation,91,1881.4333333333334,16.05740420756286
la32,lower_mutation,92,1881.0666666666666,16.014935557770446
la32,lower_mutation,93,1880.8,15.63020947639097
la32,lower_mutation,94,1879.4666666666667,15.915148570559701
la32,lower_mutation,95,1878.6,15.266822264930102
la32,lower_mutation,96,1878.4333333333334,15.226300597487805
la32,lower_mutation,97,1878.4333333333334,15.226300597487805
la32,lower_mutation,98,1877.8333333333333,14.98754271992608
la32,lower_mutation,99,1876.6,14.281891114033304
la32,lower_mutation,100,1875.5,14.287081215390792
la32,lower_mutation,101,1874.9666666666667,14.468713770094409
la32,lower_mutation,102,1874.8,14.375266114478332
la32,lower_mutation,103,1874.5,14.107347070916996
la32,lower_mutation,104,1874.2,13.99113019516047
la32,lower_mutation,105,1873.2333333333333,13.405308607062155
la32,lower_mutation,106,1872.8,13.189337386300162
la32,lower_mutation,107,1872.5333333333333,13.156179440523923
la32,lower_mutation,108,1872.3,13.152028819500265
la32,lower_mutation,109,1871.8333333333333,13.33153723534804
la32,lower_mutation,110,1871.7,13.152028819500265
la32,lower_mutation,111,1871.7,13.152028819500265
la32,lower_mutation,112,1871.2333333333333,13.353763084080349
la32,lower_mutation,113,1871,13.3932561516917
la32,lower_mutation,114,1870.3333333333333,13.794884942423863
la32,lower_mutation,115,1869.9333333333334,13.505894839006368
la32,lower_mutation,116,1869.9333333333334,13.505894839006368
la32,lower_mutation,117,1869.6333333333334,13.486860357357104
la32,lower_mutation,118,1869.4333333333334,13.026983490070705
la32,lower_mutation,119,1869.3666666666666,12.997302991677591
la32,lower_mutation,120,1868.3666666666666,12.535421078256423
la32,lower_mutation,121,1868.3,12.581184638043895
la32,lower_mutation,122,1868,12.151344469390747
la32,lower_mutation,123,1867.0333333333333,12.427675826025622
la32,lower_mutation,124,1867.0333333333333,12.427675826025622
la32,lower_mutation,125,1866.9333333333334,12.506366194954426
la32,lower_mutation,126,1866.5666666666666,12.585386526562802
la32,lower_mutation,127,1866.2333333333333,12.327942282454936
la32,lower_mutation,128,1865.9666666666667,12.447083395618078
la32,lower_mutation,129,1865.8,12.546190519505279
la32,lower_mutation,130,1865.6666666666667,12.609064427907665
la32,lower_mutation,131,1865.6666666666667,12.609064427907665
la32,lower_mutation,132,1865.1666666666667,11.668062313894263
la32,lower_mutation,133,1864.9,11.783536147436008
la32,lower_mutation,134,1864.8,11.698511546935922
la32,lower_mutation,135,1864.6333333333334,11.574297724531366
la32,lower_mutation,136,1864.4333333333334,11.67278985455087
la32,lower_mutation,137,1864.3,11.747780421321561
la32,lower_mutation,138,1864.0333333333333,11.6159323800318
la32,lower_mutation,139,1863.8,11.771971387360216
la32,lower_mutation,140,1863.5666666666666,11.810817173204002
la32,lower_mutation,141,1862.8,11.894362617179851
la32,lower_mutation,142,1862.8,11.894362617179851
la32,lower_mutation,143,1862.3666666666666,12.05299600280686
la32,lower_mutation,144,1860.8666666666666,11.470301482173607
la32,lower_mutation,145,1860.8,11.493326399443198
la32,lower_mutation,146,1860.7333333333333,11.46789621849452
la32,lower_mutation,147,1860,11.166452219591225
la32,lower_mutation,148,1859.7,11.359789944633963
la32,lower_mutation,149,1859.5,11.370712530368353
la32,lower_mutation,150,1859.5,11.370712530368353
